smiles,temp,pCMC
CCCCCCOS(=O)(=O)[O-].[Na+],40.0,0.364
CCCCCCCOS(=O)(=O)[O-].[Na+],40.0,0.645
CCCCCCCCCOS(=O)(=O)[O-].[Na+],40.0,1.209
O=C(CCCCCCCC)[O-].[K+],40.0,0.333
O=C(CCCCCCCCCC)[O-].[K+],40.0,0.936
CCCCCCCCCCCCC(=O)[O-].[K+],40.0,1.538
CCCCCCCCCCCCCCC(=O)[O-].[K+],40.0,2.137
CCCCCCCCCCCCCCCCC(=O)[O-].[K+],40.0,2.745
CCCCCCC(C)OS(=O)(=O)[O-].[Na+],40.0,0.745
CCCCCCCCC(CC)OS(=O)(=O)[O-].[Na+],40.0,1.539
CCCCCC(CCCCC)OS(=O)(=O)[O-].[Na+],40.0,1.081
CCCCCCCCCCCC(C)OS(=O)(=O)[O-].[Na+],40.0,2.187
CCCCCCC(CCCCCC)OS(=O)(=O)[O-].[Na+],40.0,1.714
CCCCCCCCCCCCCCC(CCCCCCCCCCCCCC)OS(=O)(=O)[O-].[Na+],40.0,4.1
CCCCCCCCCCC1=CC=C(C=C1)S(=O)(=O)[O-].[Na+],40.0,2.509
CCCCCCCCCCCCC1=CC=C(C=C1)S(=O)(=O)[O-].[Na+],40.0,2.921
CCCCCCCCC(CC)C1=CC=C(C=C1)S(=O)(=O)[O-].[Na+],40.0,2.5
CCCCCCCC(CCC)C1=CC=C(C=C1)S(=O)(=O)[O-].[Na+],40.0,2.4
CCCCCCC(CCCC)C1=CC=C(C=C1)S(=O)(=O)[O-].[Na+],40.0,2.3
CCCCCC(CCCCC)C1=CC=C(C=C1)S(=O)(=O)[O-].[Na+],40.0,2.25
CCCCCCCC(CCCC)C1=CC=C(C=C1)S(=O)(=O)[O-].[Na+],40.0,2.57
CCCCCCCCCCC(CC)C1=CC=C(C=C1)S(=O)(=O)[O-].[Na+],40.0,3.0
CCCCCCCCCC(CCC)C1=CC=C(C=C1)S(=O)(=O)[O-].[Na+],40.0,2.9
CCCCCCCCC(CCCC)C1=CC=C(C=C1)S(=O)(=O)[O-].[Na+],40.0,2.78
CCCCCCCC(CCCCC)C1=CC=C(C=C1)S(=O)(=O)[O-].[Na+],40.0,2.7
CCCCCCC(CCCCCC)C1=CC=C(C=C1)S(=O)(=O)[O-].[Na+],40.0,2.6
CCCCCCCCCCCCC(C)C1=CC=C(C=C1)S(=O)(=O)[O-].[Na+],40.0,3.39
CCCCCCCCCCCC(CC)C1=CC=C(C=C1)S(=O)(=O)[O-].[Na+],40.0,3.28
CCCCCCCCCCC(CCC)C1=CC=C(C=C1)S(=O)(=O)[O-].[Na+],40.0,3.15
CCCCCCCCCC(CCCC)C1=CC=C(C=C1)S(=O)(=O)[O-].[Na+],40.0,3.05
CCCCCCCCC(CCCCC)C1=CC=C(C=C1)S(=O)(=O)[O-].[Na+],40.0,2.9
CCCCCCCC(CCCCCC)C1=CC=C(C=C1)S(=O)(=O)[O-].[Na+],40.0,2.8
CCCCCCCCCCOCCOCCOS(=O)(=O)[O-].[Na+],40.0,1.9254
CCCCCCCCCCCCOCCOCCOCCOCCOS(=O)(=O)[O-].[Na+],40.0,2.7849
CCCCCCCCCCCCCOCCOS(=O)(=O)[O-].[Na+],40.0,2.8723
CCCCCCCCCCCCCCOCCOCCOS(=O)(=O)[O-].[Na+],40.0,3.0854
CCCCCCCCCCCCCCOCCOCCOCCOCOS(=O)(=O)[O-].[Na+],40.0,3.1753
CCCCCCCCCCCCCCCCOCCOCCOS(=O)(=O)[O-].[Na+],40.0,3.638
CCCCCCCCOC(=O)CCS(=O)(=O)[O-].[Na+],40.0,1.312
CCCCCCCCCCOC(=O)CCS(=O)(=O)[O-].[Na+],40.0,1.883
CCCCCCCCCCCCOC(=O)CCS(=O)(=O)[O-].[Na+],40.0,2.523
CCCC(CCC(C(C(C(F)(F)F)(F)F)(F)F)(F)F)OS(=O)(=O)[O-].[Na+],40.0,1.702
CCCC(CCC(C(C(C(C(C(F)(F)F)(F)F)(F)F)(F)F)(F)F)(F)F)OS(=O)(=O)[O-].[Na+],40.0,2.498
CCCC(CCC(C(C(C(C(C(C(C(F)(F)F)(F)F)(F)F)(F)F)(F)F)(F)F)(F)F)(F)F)OS(=O)(=O)[O-].[Na+],40.0,3.42
CCCCCC(CCC(C(C(C(F)(F)F)(F)F)(F)F)(F)F)OS(=O)(=O)[O-].[Na+],40.0,2.141
CCCCCC(CCC(C(C(C(C(C(F)(F)F)(F)F)(F)F)(F)F)(F)F)(F)F)OS(=O)(=O)[O-].[Na+],40.0,3.021
CCCCCC(CCC(C(C(C(C(C(C(C(F)(F)F)(F)F)(F)F)(F)F)(F)F)(F)F)(F)F)(F)F)OS(=O)(=O)[O-].[Na+],40.0,3.896
CCCCCCCC(CCC(C(C(C(F)(F)F)(F)F)(F)F)(F)F)OS(=O)(=O)[O-].[Na+],40.0,2.487
CCCCCCCC(CCC(C(C(C(C(C(F)(F)F)(F)F)(F)F)(F)F)(F)F)(F)F)OS(=O)(=O)[O-].[Na+],40.0,3.401
CCCCCCCC(CCC(C(C(C(C(C(C(C(F)(F)F)(F)F)(F)F)(F)F)(F)F)(F)F)(F)F)(F)F)OS(=O)(=O)[O-].[Na+],40.0,4.255
CC(C)CCCCCC(C1=CC=CC=C1)OCCOCCOCCOCCOCCOCCOCCOCCOCCOCCOP(O)(O)=O,40.0,1.796
CC(C)CCCCCC(C1=CC=CC=C1)OCCOCCOCCOCCOCCOCCOCCOCCOCCOCCOCCOCCOCCOCCOCCOP(O)(O)=O,40.0,1.77
CC(C)CCCCCC(C1=CC=CC=C1)OCCOCCOCCOCCOCCOCCOCCOCCOCCOCCOCCOCCOCCOCCOCCOCCOCCOCCOCCOCCOP(O)(O)=O,40.0,1.745
CO[C@H]1[C@@H](C([C@@H]([C@H](O1)OS(=O)([O-])=O)O)O)NC(CCCCCCC)=O.[Na+],40.0,1.602
CO[C@H]1[C@@H](C([C@@H]([C@H](O1)OS(=O)([O-])=O)O)O)NC(CCCCCCCCCCC)=O.[Na+],40.0,2.77
CO[C@H]1[C@@H](C([C@@H]([C@H](O1)OS(=O)([O-])=O)O)O)NC(CCCCCCCCCCCCCCC)=O.[Na+],40.0,2.77
CCCCCCCCCCCCOC(=O)C(CC1=CC=CC=C1)NC(=O)S(=O)(=O)[O-].[Na+],40.0,1.817
CCCCCCCCOC(C(C)NC(C1=CC=CC=C1S(=O)([O-])=O)=O)=O.[Na+],40.0,2.817
CCCCCCCCCCOC(C(C)NC(C1=CC=CC=C1S(=O)([O-])=O)=O)=O.[Na+],40.0,3.445
CCCCCCCCCCCCOC(C(C)NC(C1=CC=CC=C1S(=O)([O-])=O)=O)=O.[Na+],40.0,4.164
CCCCCCCCCCCCCCOC(C(C)NC(C1=CC=CC=C1S(=O)([O-])=O)=O)=O.[Na+],40.0,4.759
CCCCCCCCCCCCCCOC(=O)C(C)NC(=O)C2=CC=CC=C2S(=O)(=O)[O-].[Na+],40.0,3.351
CCCCCCS(=O)(=O)[O-].[Na+],40.0,0.496
CCCCCCCCS(=O)(=O)[O-].[Na+],40.0,0.796
CCCCCCCCCCS(=O)(=O)[O-].[Na+],40.0,1.398
CCCCCCCCCCCCS(=O)(=O)[O-].[Na+],40.0,1.959
CCCCCCCCCCCCCS(=O)(=O)[O-].[Na+],40.0,2.421
CCCCCCCCCCCCCCS(=O)(=O)[O-].[Na+],40.0,2.602
CCCCCCCCCCCCCCCS(=O)(=O)[O-].[Na+],40.0,3.139
CCCCCCCCCCCCCCCCS(=O)(=O)[O-].[Na+],40.0,3.131
CCCCCCCCCCCCCCCCCS(=O)(=O)[O-].[Na+],40.0,3.635
CCCCCCCCCC/C=C/S(=O)(=O)[O-].[Na+],40.0,1.886
CCCCCCCCCCCC/C=C/S(=O)(=O)[O-].[Na+],40.0,2.569
CCCCCCCCCCCCCC/C=C/S(=O)(=O)[O-].[Na+],40.0,3.215
CCCCCCCCCCCCCCCC/C=C/S(=O)(=O)[O-].[Na+],40.0,3.745
CCCCCCCCCCC(C)S(=O)(=O)[O-].[Na+],40.0,1.827
CCCCCCCCC(CC)S(=O)(=O)[O-].[Na+],40.0,1.73
CCCCCCCCC(CCC)S(=O)(=O)[O-].[Na+],40.0,1.635
CCCCCCCC(CCCC)S(=O)(=O)[O-].[Na+],40.0,1.548
CCCCCCC(CCCCC)S(=O)(=O)[O-].[Na+],40.0,1.442
CCCCCCCC(CCCCCCC)S(=O)(=O)[O-].[Na+],40.0,2.144
CCCCCCCC1=CC=C(C=C1)S(=O)(=O)[O-].[Na+],40.0,1.582
CCCCCCCCC1=CC=C(C=C1)S(=O)(=O)[O-].[Na+],40.0,1.907
CCCCCCC(CC)C1=CC=C(C=C1)S(=O)(=O)[O-].[Na+],40.0,1.967
CCCCCCCCC(C)C1=CCC(C=C1)S(=O)(=O)[O-].[Na+],40.0,2.303
CCCCCCCC(CC)C1=CC=C(C=C1)S(=O)(=O)[O-].[Na+],40.0,2.2
CCCCCC(CCCC)C1=CC=C(C=C1)S(=O)(=O)[O-].[Na+],40.0,2.047
CCCCCCCCC(C)C1=CC=C(C=C1)S(=O)(=O)[O-].[Na+],40.0,2.721
CCCCCCCCCCC(C)C1=CC=C(C=C1)S(=O)(=O)[O-].[Na+],40.0,2.692
CCCCCCCCCC(CC)C1=CC=C(C=C1)S(=O)(=O)[O-].[Na+],40.0,2.606
CCCCCCCCC(CCC)C1=CC=C(C=C1)S(=O)(=O)[O-].[Na+],40.0,2.721
CCCCCCC(CCCCC)C1=CC=C(C=C1)S(=O)(=O)[O-].[Na+],40.0,2.585
CCCCCCCCCCCC(C)C1=CC=C(C=C1)S(=O)(=O)[O-].[Na+],40.0,3.208
CCCCCCCCCCCCCC(C)C1=CC=C(C=C1)S(=O)(=O)[O-].[Na+],40.0,3.577
CCCCCCCCOS(=O)(=O)[O-].[Na+],40.0,0.854
CCCCCCCCCCOS(=O)(=O)[O-].[Na+],40.0,1.481
CCCCCCCCCCCOS(=O)(=O)[O-].[Na+],40.0,1.783
CCCCCCCCCCCCOS(=O)(=O)[O-].[Na+],40.0,2.066
CCCCCCCCCCCCCOS(=O)(=O)[O-].[Na+],40.0,2.367
CCCCCCCCCCCCCCOS(=O)(=O)[O-].[Na+],40.0,2.658
CCCCCCCCCCCCCCCOS(=O)(=O)[O-].[Na+],40.0,2.921
CCCCCCCCCCCCCCCCOS(=O)(=O)[O-].[Na+],40.0,3.237
CCCCCCCCCCCCCCCCCCOS(=O)(=O)[O-].[Na+],40.0,3.796
CCCCCCCC(C)OS(=O)(=O)[O-].[Na+],40.0,1.328
CCCCCCCCCCCCC(C)OS(=O)(=O)[O-].[Na+],40.0,2.481
CCCCCCCCCCCC(CC)OS(=O)(=O)[O-].[Na+],40.0,2.367
CCCCCCCCCCC(CCC)OS(=O)(=O)[O-].[Na+],40.0,2.288
CCCCCCCCCC(CCCC)OS(=O)(=O)[O-].[Na+],40.0,2.171
CCCCCCCC(CCCCCC)OS(=O)(=O)[O-].[Na+],40.0,2.013
CCCCCCCCCCCCCC(C)OS(=O)(=O)[O-].[Na+],40.0,2.767
CCCCCCCCCCCCCC(CC)OS(=O)(=O)[O-].[Na+],40.0,2.658
CCCCCCCCCCC(CCCC)OS(=O)(=O)[O-].[Na+],40.0,2.469
CCCCCCCC(CCCCCCC)OS(=O)(=O)[O-].[Na+],40.0,2.177
CCCCCCCCCCCCC(CCC)OS(=O)(=O)[O-].[Na+],40.0,2.764
CCCCCCCCCCC(CCCCC)OS(=O)(=O)[O-].[Na+],40.0,2.629
CCCCCCCCC(CCCCCCC)OS(=O)(=O)[O-].[Na+],40.0,2.372
CCCCCCCCCCCCCCCC(C)OS(=O)(=O)[O-].[Na+],40.0,3.31
CCCCCCCCC(CCCCCCCC)OS(=O)(=O)[O-].[Na+],40.0,2.629
CCCCCCCCCCCCCCCCC(C)OS(=O)(=O)[O-].[Na+],40.0,3.585
CCCCCCCCCCCCCCC(CCC)OS(=O)(=O)[O-].[Na+],40.0,3.347
CCCCCCCCCCCCC(CCCCC)OS(=O)(=O)[O-].[Na+],40.0,3.143
CCCCCCCCCC(CCCCCCCCC)OS(=O)(=O)[O-].[Na+],40.0,3.027
CCCCCCCCCCCCCCC(CCCC)OS(=O)(=O)[O-].[Na+],40.0,3.481
CCCCCCCCCCCCCC(C)COS(=O)(=O)[O-].[Na+],40.0,3.097
CCCCCCCCCCCC(CC)COS(=O)(=O)[O-].[Na+],40.0,3.046
CCCCCCCCCCCC(CCC)COS(=O)(=O)[O-].[Na+],40.0,2.959
CCCCCCCCCCC(CCCC)COS(=O)(=O)[O-].[Na+],40.0,2.824
CCCCCCCCCC(CCCCC)COS(=O)(=O)[O-].[Na+],40.0,2.699
CCCCCCCCC(CCCCCC)COS(=O)(=O)[O-].[Na+],40.0,2.638
CCCCCCCC(CCCCCCC)COS(=O)(=O)[O-].[Na+],40.0,2.523
CCCCCCCCCCCCOCCOS(=O)(=O)[O-].[Na+],40.0,2.396
CCCCCCCCCCCCOCCOCCOS(=O)(=O)[O-].[Na+],40.0,2.553
CCCCCCCCCC(O)CCS(=O)(=O)[O-].[Na+],40.0,1.606
CCCCCCCCCC(OC)CCS(=O)(=O)[O-].[Na+],40.0,2.118
CCCCCCCCCC(OCC)CCS(=O)(=O)[O-].[Na+],40.0,2.301
CCCCCCCCCC(OCCC)CCS(=O)(=O)[O-].[Na+],40.0,2.42
CCCCCCCCCC(OC(C)C)CCS(=O)(=O)[O-].[Na+],40.0,2.458
CCCCCCCCCC(OCCCC)CCS(=O)(=O)[O-].[Na+],40.0,2.817
CCCCCCCCCC(OCCCCCC)CCS(=O)(=O)[O-].[Na+],40.0,3.185
CCCCCCCCCC(OCCCCCCCC)CCS(=O)(=O)[O-].[Na+],40.0,3.922
CCCCCCCCCC(OCC(CC)CCCC)CCS(=O)(=O)[O-].[Na+],40.0,3.501
CCCCCCCCCC(OC1=CC=C(C=C1))CCS(=O)(=O)[O-].[Na+],40.0,2.708
CCCCCCCCCC(=O)CCS(=O)(=O)[O-].[Na+],40.0,1.541
CCCCCCCCCCCC(O)CCS(=O)(=O)[O-].[Na+],40.0,2.199
CCCCCCCCCCCC(OCCO)CCS(=O)(=O)[O-].[Na+],40.0,3.445
CCCCCCCCCCCC(OCCOCC)CCS(=O)(=O)[O-].[Na+],40.0,2.922
CCCCCCCCCCCC(OC1=CC=C(C=C1))CCS(=O)(=O)[O-].[Na+],40.0,3.641
CCCCCCCCCCCC(OC1=C(Cl)C=C(Cl)C=C1Cl)CCS(=O)(=O)[O-].[Na+],40.0,4.787
CCCCCCCCCCCC(N(C)(C))CCS(=O)(=O)[O-].[Na+],40.0,2.964
CCCCCCCCCCCC(NCCC)CCS(=O)(=O)[O-].[Na+],40.0,3.2
CCCCCCCCCCCC(NCCCC)CCS(=O)(=O)[O-].[Na+],40.0,3.708
CCCCCCCCCCCC(N1CCOCC1)CCS(=O)(=O)[O-].[Na+],40.0,3.106
CCCCCCCCCCCC(N1CCCCC1)CCS(=O)(=O)[O-].[Na+],40.0,3.31
CCCCCCCCCCCC(=O)CCS(=O)(=O)[O-].[Na+],40.0,2.174
CCCCCCCCCCCCCC(O)CCS(=O)(=O)[O-].[Na+],40.0,2.839
CCCCCCCCCCCCCC(OC)CCS(=O)(=O)[O-].[Na+],40.0,3.472
CCCCCCCCCCCCCC(OCCC)CCS(=O)(=O)[O-].[Na+],40.0,4.089
CCCCCCCCCCCCCC(OCCCC)CCS(=O)(=O)[O-].[Na+],40.0,4.458
CCCCCCCCCCCCCC(=O)CCS(=O)(=O)[O-].[Na+],40.0,2.735
CCCCCCCCCCCCCCOC(=O)CCS(=O)(=O)[O-].[Na+],40.0,3.046
CCCCCCCCCCC(C(=O)OC)S(=O)(=O)[O-].[Na+],40.0,1.986
CCCCCCCCCCCCC(C(=O)OC)S(=O)(=O)[O-].[Na+],40.0,2.583
CCCCCCCCCCCCCCC(C(=O)OC)S(=O)(=O)[O-].[Na+],40.0,3.398
CCCCCCCCCCCCCCC(C(=O)OCC)S(=O)(=O)[O-].[Na+],40.0,3.509
CCCCCCCCCCCCCCC(C(=O)OCCC)S(=O)(=O)[O-].[Na+],40.0,3.964
CCCCCCCCCCCCCCCCC(C(=O)OC)S(=O)(=O)[O-].[Na+],40.0,4.0
CCCCCCCCCCCCCCCCC(C(=O)OCC)S(=O)(=O)[O-].[Na+],40.0,4.106
CCCCCCCCCCCCCCCCC(C(=O)OCCC)S(=O)(=O)[O-].[Na+],40.0,4.899
CCCCCCCCCCCCCCCC(=O)OCCS(=O)(=O)[O-].[Na+],40.0,3.42
CCCCCCCCCCOCCS(=O)(=O)[O-].[Na+],40.0,1.787
CCCCCCCCCCC(CO)S(=O)(=O)[O-].[Na+],40.0,1.787
CCCCCCCCCCCCC(CO)S(=O)(=O)[O-].[Na+],40.0,2.432
CCCCCCOC(=O)S(=O)(=O)[O-].[Na+],40.0,0.733
CCCCCCCCOC(=O)CS(=O)(=O)[O-].[Na+],40.0,1.144
CCCCCCCCCCOC(=O)CS(=O)(=O)[O-].[Na+],40.0,1.621
CCCCCCCCCCCCCCCCC(C(=O)OC(C)C)S(=O)(=O)[O-].[Na+],40.0,4.569
CCCCC(CC)COC(=O)CC(C(=O)OCC(CC)CCCC)S(=O)(=O)[O-].[Na+],40.0,2.566
CCCCOC(=O)CC(C(=O)OCCCC)S(=O)(=O)[O-].[Na+],40.0,0.663
CCCCCOC(=O)CC(C(=O)CCCCC)S(=O)(=O)[O-].[Na+],40.0,1.239
CCCCCCOC(CC(S(=O)([O-])=O)C(OCCCCCC)=O)=O.[Na+],40.0,1.817
CCCCCCCCOC(CC(S(=O)([O-])=O)C(OCCCCCCCC)=O)=O.[Na+],40.0,3.131
O=C(NC(C(C)C)C([O-])=O)CCCCCCCCCCCCCCC.[Na+],25.0,2.7212
O=C(NC(CC(C)C)C([O-])=O)CCCCCCCCCCCCCCC.[Na+],25.0,2.8239
CCCCCCCCCCCCS(=O)(=O)[O-].[Li+],25.0,1.9586
CCCCCCCCCCCCS(=O)([O-])=O.[NH4+],25.0,2.0506
CCCCCCCCCCCCS(=O)(=O)[O-].[K+],25.0,2.0315
CCCCCCCCCCCCS(=O)(O[O-])=O.[Li+],25.0,2.0506
CCCCCCCCCCCCS(=O)(O[O-])=O.C[N+](C)(C)C,25.0,2.2596
CCCCCCCCCCCCS(=O)(O[O-])=O.CCC[N+](CCC)(CCC)CCC,25.0,2.6576
CCCCCCCCCOCCS(=O)([O-])=O.[Na+],25.0,1.7986
CCCCCCCCCCCCOCCS(=O)(O[O-])=O.[Na+],25.0,2.4089
CCCCCCCCCCCCOCCOCCS(=O)(O[O-])=O.[Na+],25.0,2.5376
CCCCCCCCCCCCCCCCOCCOCCOCCOCCOCCS(=O)(O[O-])=O.[Na+],25.0,4.6021
CCCCCCCCC(COCCOCCOCCOCCOCCS(=O)(O[O-])=O)CCCCCC.[Na+],25.0,4.0655
CCCCCCCCCCOC(CS(=O)([O-])=O)=O.[Na+],25.0,1.6576
CCCCOC(CC(S(=O)([O-])=O)C(OCCCC)=O)=O.[Na+],25.0,0.699
CCCCCOC(C(S(=O)([O-])=O)CC(OCCCCC)=O)=O.[Na+],25.0,1.2757
CCCCCCOC(CC(C(OCCCCCC)=O)S(=O)([O-])=O)=O.[Na+],25.0,1.8539
CCCCC(COC(CC(S(=O)([O-])=O)C(OCC(CCCC)CC)=O)=O)CC.[Na+],25.0,2.6021
CCCCCCCCOC(CC(C(OCCCCCCCC)=O)S(=O)([O-])=O)=O.[Na+],25.0,3.041
CCCCCCCCCCCCC(S(=O)([O-])=O)C(OCC)=O.[Na+],25.0,2.6478
CCCCCCCCCCCCC(S(=O)([O-])=O)C(OCCCC)=O.[Na+],25.0,2.8697
FC(F)(F)C(F)(F)C(F)(F)C(F)(F)C(F)(F)C(F)(F)C(F)(F)C([O-])=O.[K+],25.0,1.5376
FC(F)(F)C(F)(F)C(F)(F)C(F)(F)C(F)(F)C(F)(F)C(F)(F)C([O-])=O.[Na+],25.0,1.5229
FC(F)(F)C(F)(F)C(F)(F)C(F)(F)C(F)(F)C(F)(F)C(F)(F)C([O-])=O.[Li+],25.0,1.4815
FC(C(F)(F)F)(C(F)(F)F)C(F)(F)C(F)(F)C(F)(F)C(F)(F)C([O-])=O.[Na+],25.0,1.5229
FC(F)(F)C(F)(F)C(F)(F)C(F)(F)C(F)(F)C(F)(F)C(F)(F)C(F)(F)C([O-])=O.[Li+],25.0,2.3098
FC(F)(F)C(F)(F)C(F)(F)C(F)(F)C(F)(F)C(F)(F)C(F)(F)C(F)(F)S(=O)([O-])=O.[Li+],25.0,2.2007
CCCCCCCCCCCC([O-])=O.[Na+],25.0,2.5243
CCCCCCCCCCCCOCCOCCOCCOCCOCCC([O-])=O.[Na+],25.0,2.4572
CCCCCCCCCCCCOCCOCCOCCOCCOCCOCCOCCOCCOCCC([O-])=O.[Na+],25.0,2.2291
CCCCCCCCCC1=CC=C(C=C1)OCC(C)OCC(OCC(S(=O)(O[O-])=O)C)C.[Na+],25.0,4.2291
CCCCCCCCCC1=CC=C(OCC(OCC(C)OCC(OCC(C)OCC(C)OCC(S(=O)(O[O-])=O)C)C)C)C=C1.[Na+],25.0,4.5229
CCCCCCCCCC1=CC=C(OCC(OCC(C)OCC(OCC(C)OCC(C)OCC(OCC(OCC(C)OCC(S(=O)(O[O-])=O)C)C)C)C)C)C=C1.[Na+],25.0,4.7959
CCCCCCCCCC1=CC=C(OCC(OCC(C)OCC(OCC(C)OCC(C)OCC(OCC(OCC(C)OCC(C)OCC(OCC(C)OCC(S(=O)(O[O-])=O)C)C)C)C)C)C)C=C1.[Na+],25.0,4.9208
CCCCCCCCCCCOCC(C)OCC(C)OCC(C)OCC(C)OCC(C)OCC(C)S(=O)([O-])=O.[Na+],25.0,3.8297
CCCCCCCCCCCOCC(C)OCC(C)OCC(C)OCC(C)OCC(C)OCC(C)OCC(C)OCC(C)OCC(C)OCC(C)S(=O)([O-])=O.[Na+],25.0,4.2757
CCCCCCCCCCCOCC(C)OCC(C)OCC(C)OCC(C)OCC(C)OCC(C)OCC(C)OCC(C)OCC(C)OCC(C)OCC(C)OCC(C)OCC(C)OCC(C)S(=O)([O-])=O.[Na+],25.0,4.8861
CCCCCCCCCCCOCC(C)OCC(C)OCC(C)OCC(C)OCC(C)OCC(C)OCC([O-])=O.[Na+],25.0,3.5421
CCCCCCCCCCCOCC(C)OCC(C)OCC(C)OCC(C)OCC(C)OCC(C)OCC(C)OCC(C)OCC(C)OCC(C)OCC([O-])=O.[Na+],25.0,3.9914
CCCCCCCCCCCOCC(C)OCC(C)OCC(C)OCC(C)OCC(C)OCC(C)OCC(C)OCC(C)OCC(C)OCC(C)OCC(C)OCC(C)OCC(C)OCC(C)OCC([O-])=O.[Na+],25.0,4.4437
CCCCCCCCCCCOCC(C)OCC(C)OCC(C)OCC(C)OCC(C)OCC(C)OCCOCCS(=O)(O[O-])=O.[Na+],25.0,3.7696
CCCCCCCCCCCOCC(C)OCC(C)OCC(C)OCC(C)OCC(C)OCC(C)OCCOCCOCC([O-])=O.[Na+],25.0,3.4034
CCCCCCCCCCCCOCCOCCOCCOS(=O)([O-])=O.[Na+],25.0,2.5528
CCCCCCCCCCCCOCCOCCOCCOCCOCCOS(=O)([O-])=O.[Na+],25.0,2.7212
CCCCCCCCCCCCCCCCOS(=O)([O-])=O.[Na+],25.0,3.3979
CCCCCCCCCCCCCCCCOCCOS(=O)([O-])=O.[Na+],25.0,3.6576
CCCCCCCCCCCCCCCCOCCOCCOCCOS(=O)([O-])=O.[Na+],25.0,4.0
CCCCCCCCCCCCCCCCOCCOCCOCCOCCOS(=O)([O-])=O.[Na+],25.0,4.0
CCCCCCCCCCCCCCCCCCOCCOS(=O)([O-])=O.[Na+],25.0,3.9586
CCCCCCCCCCCCCCCCCCOCCOCCOS(=O)([O-])=O.[Na+],25.0,4.1549
CCCCCCCCCCCCCCCCCCOCCOCCOCCOS(=O)([O-])=O.[Na+],25.0,4.301
CCCCCCCCCCCCCCCCCCOCCOCCOCCOCCOS(=O)([O-])=O.[Na+],25.0,4.3979
CCCCCCCCCC(NCC([O-])=O)=O.[Na+],40.0,1.4202
CCCCCCCCCCCC(NCC([O-])=O)=O.[Na+],40.0,2.0
CCCCCCCCCCCC(N(C)CC([O-])=O)=O.[Na+],30.0,2.0
CCCCCCCCCCCC(N(C)CCC([O-])=O)=O.[Na+],30.0,2.1192
CCCCCCCCCCCCCC(NCC([O-])=O)=O.[Na+],40.0,2.3768
CCCCCCCCCCCCOS(=O)([O-])=O.[K+],40.0,2.1079
CCCCCCCCCCCCS(=O)(O[O-])=O.CC[N+](CC)(CC)CC,30.0,2.3468
CCCCCCCCCCCCS(=O)(O[O-])=O.CCCC[N+](CCCC)(CCCC)CCCC,30.0,2.8861
CCCCCCCCCCCCOCCOCCOCCOS(=O)(=O)[O-].[Na+],50.0,2.699
CCCCCCCCCCCC(N(CCS(=O)(O[O-])=O)C)=O.[Na+],30.0,2.0506
O=C(CS(=O)(O[O-])=O)NCCCCCCCCCCCC.[Na+],35.0,2.284
O=C(CCS(=O)(O[O-])=O)NCCCCCCCCCCCC.[Na+],35.0,2.3565
FC(F)(F)C(F)(F)C(F)(F)C(F)(F)C(F)(F)C(F)(F)C(F)(F)C(F)(F)C([O-])=O.[Na+],35.0,1.9586
FC(F)(F)C(F)(F)C(F)(F)C(F)(COC(C(S(=O)([O-])=O)CC(OCCCCC)=O)=O)F.[Na+],30.0,2.7959
CCCCCCCCCCCCCCCCOCCOCCOCCOCC([O-])=O.[Na+],30.0,4.0259
CCCCCCCCCCCCCCCCOCCOCCOCCOCCOCCOCC([O-])=O.[Na+],30.0,4.3429
CCCCCCCCCCCCCCCCOCCOCCOCCOCCOCCOCCOCCOCC([O-])=O.[Na+],30.0,4.9957
CCCCCCCCCCCCCCOCCOCCOCCOCCOCCOC(CCC([O-])=O)=O.[Na+],30.0,2.8894
CC(CCCC(CCC(COCC(OCC(OCC(OCC(OCC(OCC(OCC(C)S(=O)(O[O-])=O)C)C)C)C)C)C)C)C)C.[Na+],30.0,4.3372
CC(CCCC(CCC(COCC(OCC(OCC(OCC(OCC(OCC(OCC(OCC(OCC(OCC(OCC(OCC(OCC(C)S(=O)(O[O-])=O)C)C)C)C)C)C)C)C)C)C)C)C)C)C)C.[Na+],30.0,4.9208
CCCCCCCCCCCC(=O)N(C)CCC(=O)[O-].[Na+],25.0,2.672
CCCCCCCCCC(=O)N(CCO)CCC(=O)[O-].[Na+],25.0,1.712
CCCCCCCCCCCC(=O)N(CCO)CCC(=O)[O-].[Na+],25.0,2.478
CCCCCCCCCCCCCC(=O)N(CCO)CCC(=O)[O-].[Na+],25.0,3.433
CCCCCCCCCCCCCCCC(=O)N(CCO)CCC(=O)[O-].[Na+],25.0,4.276
C1CN(CCN1CCS(=O)(=O)O)CCS(=O)(=O)[O-].[Na+],25.0,1.398
C1=CC=NC(=C1)N=NC2=C(C3=C(C=C(C=C3C=C2S(=O)(=O)[O-])S(=O)(=O)[O-])O)O.[Na+],25.0,0.699
C1CN(CCN1CCO)CCS(=O)(=O)[O-].[Na+],25.0,0.398
C1CCC(CC1)NS(=O)(=O)[O-].[Na+],25.0,0.523
CCCCN1C=C[N+](=C1)CCOS(=O)(=O)[O-],25.0,0.456
[B-](F)(F)(F)F.CCCCN1C-C[N+](=C1)C,25.0,0.071
CCCCCCCCCCCCOS(=O)(=O)[O-].CCCCCCCCN1C=C[N+](=C1)C,25.0,3.638
CCCCCCN1C=C[N+](=C1)C.C(C(C(F)(F)S(=O)(=O)[O-])(F)F)(C(F)(F)F)(F)F,25.0,2.085
CCCCCCCCN1C=C[N+](=C1)C.C(C(C(F)(F)S(=O)(=O)[O-])(F)F)(C(F)(F)F)(F)F,25.0,2.618
CCCCCCCCCCCCN1C=C[N+](=C1)C.C(C(C(F)(F)S(=O)(=O)[O-])(F)F)(C(F)(F)F)(F)F,25.0,4.009
CCCCCCCC[N+](C)(C)CCOP(=O)([O-])OCCCCCCCC,25.0,3.0
CCCCCCCC[N+](C)(C)CCOP(=O)([O-])OCCCCCCCCCC,25.0,3.969
CCCCCCCCCC[N+](C)(C)CCOP(=O)([O-])OCCCCCCCC,25.0,4.0
CCCCCCCC[N+](C)(C)CCOP(=O)([O-])OCCCCCCCCCCCC,25.0,4.854
CCCCCCCCCCCC[N+](C)(C)CCOP(=O)([O-])OCCCCCCCC,25.0,4.745
CCCCCCCCCC[N+](C)(C)CCOP(=O)([O-])OCCCCCCCCCC,25.0,4.886
CCCCCCCC[N+](C)(C)CCOP(=O)([O-])OCCCCCCCCCCCCCC,25.0,5.215
CCCCCCCCCCCCCC[N+](C)(C)CCOP(=O)([O-])OCCCCCCCC,25.0,5.097
CCCCCCCCCC[N+](C)(C)CCOP(=O)([O-])OCCCCCCCCCCCC,25.0,4.886
CCCCCCCCCC[N+](C)(C)CCOP(=O)([O-])OCCCCCCCCCCCCCC,25.0,5.276
CCCCCCCCCCCCCC[N+](C)(C)CCOP(=O)([O-])OCCCCCCCCCC,25.0,5.26
CCCCCCCCCCCC[N+](C)(C)CCOP(=O)([O-])OCCCCCCCCCCCC,25.0,5.046
CCCCCCCC[N+](C)(C)CCOP(=O)([O-])OCCCCCCCCCCCCCCCCCC,25.0,5.319
CCCCCCCCCCCCCCCCCC[N+](C)(C)CCOP(=O)([O-])OCCCCCCCC,25.0,5.229
CCCCCCCCCC[N+](C)(C)CCOP(=O)([O-])OCCCCCCCCCCCCCCCC,25.0,5.301
CCCCCCCCCCCCCC[N+](C)(C)CCOP(=O)([O-])OCCCCCCCCCCC,25.0,5.155
CCCCCCCCCCCC[N+](C)(C)CCOP(=O)([O-])OCCCCCCCCCCCCCC,25.0,5.367
CCCCC(CC)COP(OCC[N+](C)(C)CC(CC)CCCC)([O-])=O,25.0,3.721
CCCCCC(CC)COP(OCC[N+](C)(C)CC(CC)CCCC)([O-])=O,25.0,3.155
CCCCCCC(CC)COP(OCC[N+](C)(C)CC(CC)CCCC)([O-])=O,25.0,3.699
CCCCCCCCC(CC)COP(OCC[N+](C)(C)CC(CC)CCCC)([O-])=O,25.0,3.824
CCCCCCCC[N+](C)(C)CC([O-])=O,27.0,0.602
CCCCCCCCC([N+](C)(C)C)C([O-])=O,27.0,1.013
C[N+](C)(CC([O-])=O)CCCCCCCCCCCC,25.0,2.699
C[N+](C)(CCCCCC([O-])=O)CCCCCCCCCCCC,25.0,2.585
C[N+](CCCCCCCC([O-])=O)(CCCCCCCCCCCC)C,25.0,2.824
C[N+](C)(CC([O-])=O)CCCCCCCCCCCCCC,25.0,3.658
C[N+](C)(CCCC([O-])=O)CCCCCCCCCCCC,25.0,2.337
C[N+](CCCS([O-])(=O)=O)(CCCCCCCCCCCC)C,25.0,2.523
C[N+](CCCS([O-])(=O)=O)(CCCCCCCCCCCCCC)C,25.0,2.495
CCCCCCCCCCC(C([O-])=O)[N+](C)(C)C,27.0,1.886
C[N+](C)(C)C(C([O-])=O)CCCCCCCCCCCC,27.0,2.886
CCCCCCCCCCC([N+]1=CC=CC=C1)C([O-])=O,25.0,2.284
CCCCCCCCCCCCC([N+]1=CC=CC=C1)C([O-])=O,25.0,3.222
CCCCCCCCCCCCN(OC)C,27.0,2.678
C[N+](C)(CC([O-])=O)CCCCCCCCCC,23.0,1.7447
C[N+](C)(CC([O-])=O)CCCCCCCCCCCCCCCC,23.0,4.699
C[N+](CCCC([O-])=O)(CCCCCCCCCCCC)C,25.0,2.3372
C[N+](CCCCCC([O-])=O)(CCCCCCCCCCCC)C,25.0,2.585
CCCCCCCCCC[N+](C1=CC=CC=C1)(CC([O-])=O)C,25.0,2.2757
CCCCCCCCCCCC[N+](C1=CC=CC=C1)(CC([O-])=O)C,25.0,3.2596
CCCCCCCCCCCC[N+](C)(CCCS(=O)([O-])=O)C,25.0,2.5229
CCCCCCCCCCCCCC[N+](C)(CCCS(=O)([O-])=O)C,25.0,3.4949
C[N+](C)(CC([O-])=O)CCCCCCCC,27.0,0.6021
CCCCCCCCCCC([N+](C)(C)C)C([O-])=O,27.0,1.8861
CCCCCCCCCCCCC([N+](C)(C)C)C([O-])=O,27.0,2.8861
CCCCCCCCCCCC[N+]1=CC=C(C([O-])=O)C=C1,50.0,2.7212
CCCCCCCCCCCC[N+]1=CC=CC(C([O-])=O)=C1,50.0,2.8239
CCCCCCCCCCCCCCC([N+]1=CC=CC=C1)C([O-])=O,40.0,4.1308
CCCCCCCCCC[N+](CC([O-])=O)(CC1=CC=CC=C1)C,40.0,2.3565
CCCCCCCCCC[N+](CS(=O)([O-])=O)(CC1=CC=CC=C1)C,40.0,2.3372
CCCCCCCCCCC[N+]1=CC=CC=C1.[Br-],25.0,1.71
CCCCCCCCCCCC[N+]1=CC=CC=C1.[Br-],25.0,1.952
CCCCCCCCCCCCC[N+]1=CC=CC=C1.[Br-],25.0,2.337
CCCCCCCCCCCCCC[N+]1=CC=CC=C1.[Br-],25.0,2.558
CCCCCCCCCCCCCCC[N+]1=CC=CC=C1.[Br-],25.0,2.866
CCCCCCCCCCCCCCCC[N+]1=CC=CC=C1.[Br-],25.0,3.14
CCCCCCCCCCCCC1=CC=[N+](C=C1)C.[I-],25.0,2.602
CC(C)(C)CCCCCCCCC1=CC=[N+](C=C1)C.[I-],25.0,2.406
CCCC(CC)CCCCCCC1=CC=[N+](C=C1)C.[I-],25.0,2.425
CCCC(CC)CCCCCCC1=CC=[N+](C=C1)CC.[I-],25.0,2.656
CCCC(CC)CCCCCCC1=CC=[N+](C=C1)CCC.[I-],25.0,2.719
CCCC(CC)CCCCCCC1=CC=[N+](C=C1)C(C)C.[I-],25.0,2.714
CCCCCCCCCCCCCCCC[N+](C)(C)C.[Br-],25.0,3.0
CCCCCCCCCCCCCC[N+](C)(C)C.[Br-],25.0,2.42
CCCCCCCCCCCC[N+](C)(C)C.[Br-],25.0,1.811958
CCCCCCCCCCCCCCCC[N+](C)(C)CC1=CC=CC=C1.[Cl-],25.0,3.31
CCCCCCCCCCCCCC[N+](C)(C)CC1=CC=CC=C1.[Cl-],25.0,2.701
CCCCCCCCCCCC[N+](C)(C)CC1=CC=CC=C1.[Cl-],25.0,2.056
CCCCCCCCCCCCCC[N+](C)(C)CC1=CC=CC=C1.[Br-],25.0,2.824
CCCCCC[N+](C)(C)C.[Br-],25.0,0.305
CCCCCCCC[N+](C)(C)C.[Br-],25.0,0.538
CCCCCCCCCC[N+](C)(C)C.[Br-],25.0,1.319
CCCCCCCCCCCC[N+](C)(C)CC.[Br-],25.0,1.83
CCCCCCCCCCCCCC[N+](C)(CC)C.[Br-],25.0,2.514
CCCCCCCCCCCC[N+](C)(C)C1=CC=CC=C1.[Br-],25.0,2.301
CCCCCCCCCCCCCC[N+](C)(C)C1=CC=CC=C1.[Br-],25.0,2.893
CCCCCCCCCCCCCCCC[N+](C)(C)C1=CC=CC=C1.[Br-],25.0,3.514
CCCCCCCCCCCCCCCC[N+](C)(C)CCO.[Br-],25.0,3.695
CCCCCCCCCCCCCC[N+](C)(CCO)CCO.[Br-],25.0,3.815
CCCCCCCCCCCCCCC[N+](CCO)(CCO)CCO.[Br-],25.0,4.444
CCCCCCCCCCCCCCCC[N+](C)(C)CCOC.[Br-],25.0,3.693
CCCCCCCCCCCCCCCC[N+](C)(CCOC)CCOC.[Br-],25.0,3.914
CCCCCCCCCCCCCCC[N+](CCOC)(CCOC)CCOC.[Br-],25.0,4.137
CCCCCCCCCCCCCCCC[N+](C)(C)CCC.[Br-],25.0,3.213
CCCCCCCCCCCCCCCC[N+](C)(CCC)CCC.[Br-],25.0,3.69
CCCCCCCCCCCCCCCC[N+](CCC)(CCC)CCC.[Br-],25.0,3.86
CCCCCCCCCCCCCCC(O)C[N+](C)(C)CCO.[Cl-],25.0,2.752
CCCCCCCCCCCCCC(O)C[N+](C)(CCO)CCO.[Cl-],25.0,2.772
CCCCCCCCCCCCCCC(O)C[N+](C)(C)C.[Cl-],25.0,2.715
FC(F)(F)C(F)(F)C(F)(F)C(F)(F)CCCCCCCCCC[N+](C)(C)(C).[Br-],25.0,2.845
FC(F)(F)C(F)(F)C(F)(F)C(F)(F)CCCCCCCCCCC[N+](C)(C)(C).[Br-],25.0,2.801
FC(F)(F)C(F)(C(F)(F)C(C(F)(F)C(F)(F)CCCCCCCC[N+](C)(C)C)(F)F)F.[Br-],25.0,2.983
FC(F)(F)C(F)(C(F)(F)C(C(F)(F)C(F)(F)C(F)(F)C(F)(F)CCCCCC[N+](C)(C)C)(F)F)F.[Br-],25.0,3.377
CCCCCCCCCC[N+]1=CC=CC=C1.[Cl-],25.0,1.061
CCCCCC/C=C/CCCCC1=CC=[N+](C)C=C1.[I-],25.0,1.886
CCCCCCCCC/C=C/CC1=CC=[N+](C=C1)C.[I-],25.0,2.38
CCCCCCCCCC[N+](C)(C)(C).[Cl-],25.0,1.215
CCCCCCCCCCCCCC[N+](CC)(CC)CC.[Br-],25.0,2.509
CCCCCCCCCCCCCC[N+](CCC)(CCC)CCC.[Br-],25.0,2.678
CCCCCCCCCCCCCC[N+](CCCC)(CCCC)CCCC.[Br-],25.0,2.922
CCCCCCCCCCCC[N+](C)(CC[N+](C)(CCCCCCCCCCCC)C)C,25.0,3.097
CCCCCCCCCCCC[N+](C)(CCC[N+](C)(CCCCCCCCCCCC)C)C,25.0,3.027
CCCCCCCCCCCC[N+](C)(CCCC[N+](C)(CCCCCCCCCCCC)C)C,25.0,2.932
CCCCCCCCCCCC[N+](C)(CCCCCC[N+](C)(CCCCCCCCCCCC)C)C,25.0,2.987
CCCCCCCCCCCC[N+](C)(CCCCCCCC[N+](C)(CCCCCCCCCCCC)C)C,25.0,3.081
CCCCCCCCCCCC[N+](C)(CCCCCCCCCC[N+](C)(CCCCCCCCCCCC)C)C,25.0,3.201
CCCCCCCCCCCC[N+](C)(CCCCCCCCCCCC[N+](C)(CCCCCCCCCCCC)C)C,25.0,3.432
CCCCCCCCCCCC[N+](C)(CCCCCCCCCCCCCC[N+](C)(CCCCCCCCCCCC)C)C,25.0,3.699
CCCCCCCCCCCC[N+](C)(CCCCCCCCCCCCCCCC[N+](C)(CCCCCCCCCCCC)C)C,25.0,3.921
CCCCCCCC[N+](C)(C)CCC[N+](C)(C)CCCCCCCC,25.0,1.86
CCCCCCCC[N+](C)(C)CCCC[N+](C)(C)CCCCCCCC,25.0,1.582
CCCCCCCC[N+](C)(C)CCCCC[N+](C)(C)CCCCCCCC,25.0,1.58
CCCCCCCC[N+](C)(C)CCCCCC[N+](C)(C)CCCCCCCC,25.0,1.599
CCCCCCCCCCCCCCCC[N+](C)(C)CC[N+](C)(C)CCCCCCCCCCCCCCCC,25.0,4.678
CCCCCCCCCCCCCCCC[N+](C)(C)CCC[N+](C)(C)CCCCCCCCCCCCCCCC,25.0,4.602
CCCCCCCCCCCCCCCC[N+](C)(C)CCCC[N+](C)(C)CCCCCCCCCCCCCCCC,25.0,4.569
CCCCCCCCCCCCCCCC[N+](C)(C)CCCCC[N+](C)(C)CCCCCCCCCCCCCCCC,25.0,4.444
CCCCCCCCCCCCCCCC[N+](C)(C)CCCCCC[N+](C)(C)CCCCCCCCCCCCCCCC,25.0,4.367
CCCCCCCCCCCCCCCC[N+](C)(C)CCCCCCCC[N+](C)(C)CCCCCCCCCCCCCCCC,25.0,4.482
CCCCCCCCCCCCCCCC[N+](C)(C)CCCCCCCCCC[N+](C)(C)CCCCCCCCCCCCCCCC,25.0,4.569
CCCCCCCCCCCCCCCC[N+](C)(C)CCCCCCCCCCCC[N+](C)(C)CCCCCCCCCCCCCCCC,25.0,4.699
CCCCCCCCCC[N+](C)(C)CCCC[N+](C)(C)CCCCCCCCCC,25.0,2.057
CCCCCCCCCCCCCC[N+](C)(C)CCCC[N+](C)(C)CCCCCCCCCCCCCC,25.0,3.87
CCCCCCCCCC[N+](C)(C)CC[N+](C)(C)CCCCCCCCCC,25.0,2.208
CCCCCCCCCC[N+](C)(C)CCC[N+](C)(C)CCCCCCCCCC,25.0,2.187
CCCCCCCCCC[N+](C)(C)CCCC[N+](C)(C)CCCCCCCCCC,25.0,2.06
CCCCCCCCCC[N+](C)(C)CCCCCC[N+](C)(C)CCCCCCCCCC,25.0,2.125
CCCCCCCCCC[N+](C)(C)CCCCCCCC[N+](C)(C)CCCCCCCCCC,25.0,2.377
CCCCCCCCCC[N+](C)(C)CCCCCCCCCC[N+](C)(C)CCCCCCCCCC,25.0,2.658
CCCCCC[N+](C)(C)CCCCC[N+](C)(C)CCCCCC,25.0,0.796
CCCCCCCCC[N+](C)(C)CCCCC[N+](C)(C)CCCCCCCCC,25.0,1.602
CCCCCCCCCC[N+](C)(C)CCCCC[N+](C)(C)CCCCCCCCCC,25.0,2.051
CCCCCCCCCCC[N+](C)(C)CCCCC[N+](C)(C)CCCCCCCCCCC,25.0,2.523
CCCCCCCCCCCC[N+](C)(C)CCCCC[N+](C)(C)CCCCCCCCCCCC,25.0,2.959
CCCCCCCCCCCCC[N+](C)(C)CCCCC[N+](C)(C)CCCCCCCCCCCCC,25.0,3.387
CCCCCCCCCCCCCC[N+](C)(C)CCCCC[N+](C)(C)CCCCCCCCCCCCCC,25.0,3.745
CCCCCCCCCCCCC[N+](C)(C)CCCCCC[N+](C)(C)CCCCCCCCCCC,25.0,3.056
CCCCCCCCCCCCCC[N+](C)(C)CCCCCC[N+](C)(C)CCCCCCCCCC,25.0,3.076
CCCCCCCCCCCCCCCC[N+](C)(C)CCCCCC[N+](C)(C)CCCCCCCC,25.0,3.125
CCCCCCCCCCCCCCCCCC[N+](C)(C)CCCCCC[N+](C)(C)CCCCCC,25.0,3.229
CCCCCCCC[N+](C)(CCN(C)CC[N+](C)(CCCCCCCC)C)C,25.0,1.509
CCCCCCCCC[N+](C)(CCN(C)CC[N+](C)(CCCCCCCCC)C)C,25.0,1.745
CCCCCCCCCC[N+](C)(CCN(C)CC[N+](C)(CCCCCCCCCC)C)C,25.0,2.076
CCCCCCCCCCC[N+](C)(CCN(C)CC[N+](C)(CCCCCCCCCCC)C)C,25.0,2.523
CCCCCCCCCCCC[N+](C)(CCN(C)CC[N+](C)(CCCCCCCCCCCC)C)C,25.0,2.959
CCCCCCCCCCCCC[N+](C)(CCN(C)CC[N+](C)(CCCCCCCCCCCCC)C)C,25.0,3.481
CCCCCCCCCCCCCC[N+](C)(CCN(C)CC[N+](C)(CCCCCCCCCCCCCC)C)C,25.0,3.921
CCCCCCCCCCCCCCC[N+](C)(CCN(C)CC[N+](C)(CCCCCCCCCCCCCCC)C)C,25.0,4.367
CCCCCCCCCCCCCCCC[N+](C)(CCN(C)CC[N+](C)(CCCCCCCCCCCCCCCC)C)C,25.0,4.921
CCCCCCCC[N+](CCOCC[N+](CCCCCCCC)(C)C)(C)C,25.0,1.357
CCCCCCCCC[N+](CCOCC[N+](CCCCCCCCC)(C)C)(C)C,25.0,1.658
CCCCCCCCCC[N+](CCOCC[N+](CCCCCCCCCC)(C)C)(C)C,25.0,2.114
CCCCCCCCCCC[N+](CCOCC[N+](CCCCCCCCCCC)(C)C)(C)C,25.0,2.585
CCCCCCCCCCCC[N+](CCOCC[N+](CCCCCCCCCCCC)(C)C)(C)C,25.0,3.0
CCCCCCCCCCCCC[N+](CCOCC[N+](CCCCCCCCCCCCC)(C)C)(C)C,25.0,3.42
CCCCCCCCCCCCCC[N+](CCOCC[N+](CCCCCCCCCCCCCC)(C)C)(C)C,25.0,3.721
CCCCCCCCCCCCCCCC[N+](CCOCC[N+](CCCCCCCCCCCCCCCC)(C)C)(C)C,25.0,3.194
CCCCCC[N+](CCSCC[N+](CCCCCC)(C)C)(C)C,25.0,0.886
CCCCCCCC[N+](CCSCC[N+](CCCCCCCC)(C)C)(C)C,25.0,1.432
CCCCCCCCCC[N+](CCSCC[N+](CCCCCCCCCC)(C)C)(C)C,25.0,2.208
CCCCCCCCCCCC[N+](CCSCC[N+](CCCCCCCCCCCC)(C)C)(C)C,25.0,3.018
CCCCCCCCCCCCCC[N+](CCSCC[N+](CCCCCCCCCCCCCC)(C)C)(C)C,25.0,4.0
CCCCCCCCCCCCCCCC[N+](CCSCC[N+](CCCCCCCCCCCCCCCC)(C)C)(C)C,25.0,5.013
CCCCCCCCCCCCCCCCCC[N+](CCSCC[N+](CCCCCCCCCCCCCCCCCC)(C)C)(C)C,25.0,6.0
CCCCCCCCCC[N+](C)(C)CC#CC[N+](C)(C)CCCCCCCCCC,25.0,2.857
CCCCCCCC[N+](C)(C)CC#CC[N+](C)(C)CCCCCCCC,25.0,1.594
CCCCCCCCCCCC[N+]1(CCCCC1)CC#CC[N+]2(CCCCC2)CCCCCCCCCCCC,25.0,3.051
CCCCCCCCCCCC[N+]1(CC#CC[N+]2(CCCCCCCCCCCC)CCCC2)CCCC1,25.0,3.041
CCCCCCCC[N+]1(CC#CC[N+]2(CCCCCCCC)CCCC2)CCCC1,25.0,1.463
CCCCCCCC[N+]1(CCCCC1)CC#CC[N+]2(CCCCC2)CCCCCCCC,25.0,1.321
CCCCCCCCCC[N+]1(CC#CC[N+]2(CCCCCCCCCC)CCCC2)CCCC1,25.0,2.276
CCCCCCCCCC[N+]1(CCCCC1)CC#CC[N+]2(CCCCC2)CCCCCCCCCC,25.0,2.225
CCCCCCCCCCCCCC[N+]1(CC#CC[N+]2(CCCCCCCCCCCCCC)CCCC2)CCCC1,25.0,3.886
CCCCCCCC[N+](C)(C)CCC1=CC=CC(CC[N+](C)(C)CCCCCCCC)=C1,25.0,1.646
CCCCCCCC[N+](C)(CCC1=CC=CC=C1CC[N+](C)(CCCCCCCC)C)C,25.0,1.629
CCCCCCCC[N+](C)(C)CCC1=CC=C(C=C1)CC[N+](C)(C)CCCCCCCC,25.0,1.611
CCCCCCCC[N+](C)(CC(C(O)C[N+](C)(CCCCCCCC)C)O)C,25.0,2.432
CCCCCCCCCC[N+](C)(CC(C(O)C[N+](C)(CCCCCCCCCC)C)O)C,25.0,3.155
CCCCCCCCCCCC[N+](C)(CC(C(O)C[N+](C)(CCCCCCCCCCCC)C)O)C,25.0,4.071
CCCCCCCCCCCCCCCC[N+](C)(CC(C(O)C[N+](C)(CCCCCCCCCCCCCCCC)C)O)C,25.0,4.301
CCCCCCCCCCC1=CC=CC=[N+]1CCCC[N+]2=C(C=CC=C2)CCCCCCCCCC.[Br-].[Br-],25.0,2.57
CCCCCCCCCCCCC1=CC=CC=[N+]1CCCC[N+]2=C(C=CC=C2)CCCCCCCCCCCC.[Br-].[Br-],25.0,3.252
CCCCCCCCCCC1=CC=CC=[N+]1CCCCCC[N+]2=C(C=CC=C2)CCCCCCCCCC.[Br-].[Br-],25.0,2.699
CCCCCCCCCCCCC1=CC=CC=[N+]1CCCCCC[N+]2=C(C=CC=C2)CCCCCCCCCCCC.[Br-].[Br-],25.0,3.268
CCCCC(CC)COP(OCC[N+](C)(C)CC(CC)CCCC)([O-])=O,25.0,3.721
CCCCCC(CC)COP(OCC[N+](C)(C)CC(CC)CCCC)([O-])=O,25.0,3.155
CCCCCCC(CC)COP(OCC[N+](C)(C)CC(CC)CCCC)([O-])=O,25.0,3.699
CCCCCCCCC(CC)COP(OCC[N+](C)(C)CC(CC)CCCC)([O-])=O,25.0,3.824
CCCCCCCCCCCC[N+](C)(CCCOCCOC[N+](C)(C)CCCCCCCCCCCC)C,25.0,3.036
CCCCCCCCCCCC[N+](C)(CCCOCCOCCOC[N+](C)(C)CCCCCCCCCCCC)C,25.0,3.066
CCCCCCCCCCCC[N+](C)(CCCOCCOCCOCCOC[N+](C)(C)CCCCCCCCCCCC)C,25.0,3.046
CCCCCCCCCCCC[N+](C)(CCCOCCOCCOCCOCCOC[N+](C)(C)CCCCCCCCCCCC)C,25.0,2.91
CCCCCCCCCCCC[N+](C)(C)C.[Cl-],25.0,1.699
CCCCCCCCCCCCCC[N+](C)(C)C.[Cl-],25.0,2.3468
CCCCCCCCCC[N+]1=CC=CC=C1.[Br-],25.0,1.3565
CCCCCCCCCCCC[N+]1=CC=CC=C1.[Cl-],25.0,1.7696
CCCCCCCCCCCC[N+]1=CC=CC=C1.[I-],25.0,2.2757
CCCCCCCCCCCCCC[N+]1=CC=CC=C1.[Cl-],25.0,2.4559
CCCCCCCCCCCCCCCC[N+]1=CC=CC=C1.[Cl-],25.0,3.0458
CCCCCCCCCCCCCCCCCC[N+]1=CC=CC=C1.[Cl-],25.0,3.6198
CCCCCCCCCCCC[N+](C)(CC)C.[Br-],25.0,1.8539
CCCCCCCCCCCC[N+](C)(CCCC)C.[Br-],25.0,2.1249
CCCCCCCCCCCC[N+](C)(CCCCCC)C.[Br-],25.0,2.5086
CCCCCCCCCCCC[N+](C)(CCCCCCCC)C.[Br-],25.0,2.9586
CCCCCCCCCC[N+](C)(C)CC1=CC=CC=C1.[Cl-],25.0,1.4089
CCCCCCCCCCCC[NH2+]CCO.[Cl-],25.0,1.3468
CCCCCCCCCCCC[NH+](CCO)CCO.[Cl-],25.0,1.4437
CCCCCCCCCCCC[N+](CCO)(CCO)CCO.[Cl-],25.0,1.6021
CCCCCCCCCC[N+](C)(C)CCCCCCCCCC.[Br-],25.0,2.7328
CCCCCCCCCCCC[N+](C)(C)CCCCCCCCCCCC.[Br-],25.0,3.7545
CCCCCCCCCCOCC[N+](C)(C)C.[Cl-],25.0,1.5143
CCCCCCCCCCOCCOCC[N+](C)(C)C.[Cl-],25.0,1.6383
CCCCCCCCCCCCOCC[N+](C)(C)C.[Cl-],25.0,2.1487
CCCCCCCCCCCCOCCOCC[N+](C)(C)C.[Cl-],25.0,2.284
CCCCCCCCCCCCCCCCCC[N+](C)(C)C.[Cl-],25.0,3.4685
CCCCCCCCCCOCC[N+]1=CC=CC=C1.[Cl-],25.0,1.5918
CCCCCCCCCCOCCOCC[N+]1=CC=CC=C1.[Cl-],25.0,1.6778
CCCCCCCCCCCCOCC[N+]1=CC=CC=C1.[Cl-],25.0,2.1612
CCCCCCCCCCCCOCCOCC[N+]1=CC=CC=C1.[Cl-],25.0,2.3098
CCCCCCCCCCCCCCCCOCC[N+]1=CC=CC=C1.[Cl-],25.0,3.5376
CCCCCCCCCCCCCCCCOCCOCC[N+]1=CC=CC=C1.[Cl-],25.0,3.7447
CCCCCCCCCCCCCCCC[N+](C)(C)C.[Cl-],30.0,2.8861
CCCCCCCCCCCCCCCCCC[N+](C)(C)C.[Br-],40.0,3.4685
CCCCCCCCCCCCOCCOCCOCCOCCOCCOCCOCCO,25.0,4.097
CCCCCCCCCCCCOCCOCCOCCOCCOCCOCCOCCOCCO,25.0,4.027
CCCCCCCCCCCCOCCOCCOCCOCCOCCOCCOCCOCCOCCO,25.0,5.0
CCCCCCCCCCCCOCCOCCOCCOCCOCCOCCOCCOCCOCCOCCOCCOCCOCCOCCO,25.0,4.26
CCCCCCCCCCCCCOCCOCCOCCOCCOCCOCCOCCOCCOCCOCCO,25.0,4.932
CCCCCCCCCCCCCOCCOCCOCCOCCOCCOCCOCCOCCOCCOCCOCCOCCO,25.0,4.695
CCCCCCCCCCCCCCOCCOCCOCCOCCOCCOCCO,25.0,4.983
CCCCCCCCCCCCCCOCCOCCOCCOCCOCCOCCOCCOCCO,25.0,5.046
CCCCCCCCCCCCCCCOCCOCCOCCOCCOCCOCCOCCOCCO,25.0,5.456
CCCCCCCCCCCCCCCCOCCOCCOCCOCCOCCOCCO,25.0,5.77
CCCCCCCCCCCCCCCCOCCOCCOCCOCCOCCOCCOCCOCCOCCO,25.0,5.678
CCCCCCCCCCCCCCCCOCCOCCOCCOCCOCCOCCOCCOCCOCCOCCOCCOCCO,25.0,5.638
CCCCCCCCC1=CC=C(C=C1)OCCO,25.0,4.305
CCCCCCCCC1=CC=C(C=C1)OCCOCCO,25.0,4.116
CCCCCCCCC1=CC=C(C=C1)OCCOCCOCCO,25.0,4.046
CCCCCCCCC1=CC=C(C=C1)OCCOCCOCCOCCOCCO,25.0,3.765
CCCCCCCCC1=CC=C(C=C1)OCCOCCOCCOCCOCCOCCO,25.0,3.886
CCCCCCCCC1=CC=C(C=C1)OCCOCCOCCOCCOCCOCCOCCO,25.0,3.572
CCCCCCCCC1=CC=C(C=C1)OCCOCCOCCOCCOCCOCCOCCOCCO,25.0,3.548
CCCCCCCCC1=CC=C(C=C1)OCCOCCOCCOCCOCCOCCOCCOCCOCCOCCO,25.0,3.491
CCCCCCCCC1=CC=C(C=C1)OCCOCCOCCOCCOCCOCCOCCOCCOCCOCCOCCOCCOCCO,25.0,3.553
CCCCCCCCC1=CC=C(C=C1)OCCOCCOCCOCCOCCOCCOCCOCCOCCOCCOCCOCCOCCOCCOCCOCCO,25.0,3.367
CCCCCCCCC1=CC=C(C=C1)OCCOCCOCCOCCOCCOCCOCCOCCOCCOCCOCCOCCOCCOCCOCCOCCOCCO,25.0,3.469
CCCCCCCCCC1=CC=C(C=C1)OCCOCCOCCOCCOCCO,25.0,4.26
CCCCCCCCCC1=CC=C(C=C1)OCCOCCOCCOCCOCCOCCOCCOCCOCCOCCO,25.0,4.125
CCCCCCCCCC1=CC=C(C=C1)OCCOCCOCCOCCOCCOCCOCCOCCOCCOCCOCCOCCOCCOCCOCCO,25.0,4.061
CCCCCCCCOCCOCCOCCOCCO,25.0,2.149
CCCCCCCCCOCCOCCOCCOCCOCCOCCOCCOCCO,25.0,2.523
CCCCCCCCCCCOCCOCCOCCOCCOCCOCCOCCOCCO,25.0,3.523
CCCCCCCCCCCCOCCOCCOCCOCCO,25.0,4.194
CCCCCCCCCCCCOCCOCCOCCOCCOCCOCCO,25.0,4.061
CCCCCCCCCCCCOCCOCCOCCOCCOCCOCCOCCOCCOCCOCCOCCOCCO,25.0,4.854
CCCCCCCCCCCCCCOCCOCCOCCOCCOCCOCCCOCCOCCO,25.0,4.951
CCCCCCCCCCCCCCCCCOCCOCCOCCOCCOCCOCCCOCCO,25.0,5.678
CCCCCCCCC1=CC=C(C=C1)OCCOCCOCCOCCO,25.0,3.889
CCCCCCCCC1=CC=C(C=C1)OCCOCCOCCOCCOCCOCCOCCOCCOCCO,25.0,3.517
CCCCCCCCCC1=CC=C(C=C1)OCCOCCOCCOCCOCCOCCOCCOCCOCCO,25.0,4.125
CN(C)CCCNC(=O)C(C(C(C(C(C(C(C(C(F)(F)F)(F)F)(F)F)(F)F)(F)F)(F)F)(F)F)(F)F)(F)F,25.0,3.495
CCN(CC)CCCNC(=O)C(C(C(C(C(C(C(C(C(F)(F)F)(F)F)(F)F)(F)F)(F)F)(F)F)(F)F)(F)F)(F)F,25.0,3.824
CCCN(CCC)CCCNC(=O)C(C(C(C(C(C(C(C(C(F)(F)F)(F)F)(F)F)(F)F)(F)F)(F)F)(F)F)(F)F)(F)F,25.0,2.547
CCCCCCCCCC1=CC=C(C=C1)OCCOCCOCCOCCOCCOCCO,25.0,4.15
CCCCCCCCCC1=CC=C(C=C1)OCCOCCOCCOCCOCCOCCO,25.0,4.229
CCCCCCCCCC1=CC=C(C=C1)OCCOCCOCCOCCOCCOCCO,25.0,4.569
CCCCCCCCCCCCOCCOCCOCCOCCCOCCCOCCCOCCCOCCCOCCCO,25.0,5.148
CCCCCCCCCCCCOCCOCCOCCOCCOCCCOCCCOCCCOCCCOCCCO,25.0,4.796
CCCCCCCCCCCCOCCOCCOCCOCCOCCOCCCOCCCOCCCOCCCO,25.0,4.762
CCCCOCCOCCOCCOCCOCCOCCOCCOCCOCCOCCO,25.0,0.009
CCCCOCCOCCOCCOCCOCCOCCO,25.0,0.11
CCCCCCOCCOCCOCCO,25.0,1.0
CCCCCCOCCOCCOCCOCCOCCOCCO,25.0,1.164
CCCCCCCCOCCO,25.0,2.31
CCCCCCCCOCCOCCOCCO,25.0,2.125
CCCCCCCCOCCOCCOCCOCCOCCOCCO,25.0,2.004
CCCCCCCCOCCOCCOCCOCCOCCOCCOCCOCCOCCO,25.0,1.886
CCCCCCCCCCOCCOCCOCCO,25.0,3.222
CCCCCCCCCCOCCOCCOCCOCCO,25.0,3.167
CCCCCCCCCCOCCOCCOCCOCCOCCOCCO,25.0,3.046
CCCCCCCCCCOCCOCCOCCOCCOCCOCCOCCOCCO,25.0,3.0
CCCCCCCCCCOCCOCCOCCOCCOCCOCCOCCOCCOCCO,25.0,2.886
CCCCCCCCCCCOCCOCCOCCOCCOCCOCCOCCOCCO,25.0,3.523
CCCCCCCCCCCCOCCOCCO,25.0,4.481
CC(C)COCCOCCOCCOCCOCCOCCO,25.0,0.049
CCC(COCCOCCOCCOCCOCCOCCO)CC,25.0,1.016
CCC(CCC)COCCOCCOCCOCCOCCOCCO,25.0,1.67
CCCCC(COCCOCCOCCOCCOCCOCCO)CCCC,25.0,2.547
CCCCC(COCCOCCOCCOCCOCCOCCOCCOCCOCCO)CCCC,25.0,2.526
CCCCCCCCOCC(O)CO,25.0,2.237
CCCCCCCCC(O)CO,25.0,2.638
CCCCCCCCC(O)CCO,25.0,2.638
CCCCCCCCCCC(O)CO,25.0,3.745
CCCCCCCCCCCCC(O)CCO,25.0,4.886
CCCCCCCCCCCCNC1C(C(C(C(O1)CO)OC2C(C(C(C(O2)CO)O)O)O)O)O,25.0,3.222
CCCCCCCCCCCC(=O)OC1C(C(C(C(O1)CO)OC2C(C(C(C(O2)CO)O)O)O)O)O,25.0,3.469
CCCCCCCCC=CCCCCCCCC(=O)OC1C(C(C(C(O1)CO)OC2C(C(C(C(O2)CO)O)O)O)O)O,25.0,5.292
CCCCCCCCCCCC(=O)N(CCO)CCO,25.0,3.585
CCCCCCCCCC(=O)N(CCOCCOCCOC)CCOCCOCCOC,25.0,2.299
CCCCCCCCCC(=O)N(CCOCCOCCOCCOC)CCOCCOCCOCCOC,25.0,2.193
CCCCCCCCCCCC(=O)N(CCOCCOC)CCOCCOC,25.0,3.398
CCCCCCCCCCCC(=O)N(CCOCCOCCOC)CCOCCOCCOC,25.0,3.292
CCCCCCCCCCCC(=O)N(CCOCCOCCOCCOC)CCOCCOCCOCCOC,25.0,3.611
CCCCCCCCCCCNC(C)C(=O)OCCOCCOCCOCCO,25.0,3.413
CCCCCCCCCCCNCC(=O)OCCOCCOCCOCCO,25.0,3.474
CCCCCCCCCCCN(C)CC(=O)OCCOCCOCCOCCO,25.0,3.533
C(CSCCOCCOCCO)C(C(C(C(C(C(F)(F)F)(F)F)(F)F)(F)F)(F)F)(F)F,25.0,4.602
C(CSCCOCCOCCOCCO)C(C(C(C(C(C(F)(F)F)(F)F)(F)F)(F)F)(F)F)(F)F,25.0,4.553
C(CSCCOCCOCCOCCOCCOCCO)C(C(C(C(C(C(F)(F)F)(F)F)(F)F)(F)F)(F)F)(F)F,25.0,4.432
C(CSCCOCCOCCOCCOCCOCCOCCOCCO)C(C(C(C(C(C(F)(F)F)(F)F)(F)F)(F)F)(F)F)(F)F,25.0,4.319
COCCOCCOCCN(CCOCCOCCOC)C(=O)CC(C(C(C(C(C(F)(F)F)(F)F)(F)F)(F)F)(F)F)(F)F,25.0,3.26
COCCOCCOCCN(CCOCCOCCOC)C(=O)CC(C(C(C(C(C(C(C(F)(F)F)(F)F)(F)F)(F)F)(F)F)(F)F)(F)F)(F)F,25.0,4.921
COCCOCCOCCN(CCOCCOCCOC)C(=O)CC(C(C(C(C(C(C(C(C(C(F)(F)F)(F)F)(F)F)(F)F)(F)F)(F)F)(F)F)(F)F)(F)F)(F)F,25.0,6.523
CCCCOCCO,25.0,0.009
CCCCCCOCCOCCOCCOCCO,25.0,1.032
CCCCCCOCCOCCOCCOCCOCCO,25.0,1.017
CCCCCCCCOCCOCCOCCOCCOCCO,25.0,1.959
CCCCCCCCCCOCCOCCOCCOCCOCCOCCOCCO,25.0,3.015
CCCCCCCCCCCCOCCO,25.0,4.638
CCCCCCCCCCCCCCCCOCCOCCOCCOCCOCCOCCOCCOCCO,25.0,5.921
CCCCCCCCCCCCCCCCOCCOCCOCCOCCOCCOCCOCCOCCOCCOCCO,25.0,5.699
CCCCCCCCC1=CC=C(C=C1)OCCOCCOCCOCCOCCOCCOCCOCCOCCOCCOCCOCCOCCOCCOCCOCCOCCOCCOCCOCCOCCOCCOCCOCCOCCOCCOCCOCCOCCOCCO,25.0,3.959
CCCCCCCCC1=CC=C(C=C1)OCCOCCOCCOCCOCCOCCOCCOCCOCCOCCOCCOCCOCCOCCOCCOCCOCCOCCOCCOCCOCCOCCOCCOCCOCCOCCOCCOCCOCCOCCOCCCOCCOCCOCCOCCOCCOCCOCCOCCOCCO,25.0,4.119
CCCCCCCCCC1=CC=C(C=C1)OCCOCCO,25.0,3.377
CCCCCCCCCC1=CC=C(C=C1)OCCOCCOCCOCCOCCOCCOCCOCCOCCOCCOCCOCCO,25.0,3.301
CCCCCCCCCCCCC(C(C)CCOCCOCCOCCO)=O,25.0,3.292
CCCCCCCCCCCCC(C(C)CCOCCOCCOCCOCCOCCOCCO)=O,25.0,3.187
CCCCCCCCCCCCC(C(C)CCOCCOCCOCCOCCOCCOCCOCCOCCOCCO)=O,25.0,3.125
OCCOCCSCCOCCSCCOCCSCCC(F)(F)C(F)(F)C(F)(F)C(F)(F)C(F)(F)C(F)(F)F,25.0,4.638
OCCOCCSCCOCCSCCOCCSCCOCCSCCC(F)(F)C(F)(F)C(F)(F)C(F)(F)C(F)(F)C(F)(F)F,25.0,4.469
FC([H])(F)C(F)(F)C(F)(F)C(F)(F)CCCOCCOCCOC,25.0,2.097
FC([H])(F)C(F)(F)C(F)(F)C(F)(F)C(F)(F)C(F)(F)CCCOCCOCCOC,25.0,3.523
FC(F)(F)C(F)(F)C(F)(F)C(F)(F)CCCOCCOCCOC,25.0,2.699
FC(F)(F)C(F)(F)C(F)(F)C(F)(F)C(F)(F)C(F)(F)CCCOCCOCCOC,25.0,4.097
FC(F)(F)C(F)(F)C(F)(F)C(F)(F)CCCNC(OCCOCCCC)=O,25.0,2.009
FC(F)(F)C(F)(F)C(F)(F)C(F)(F)CCCNC(OCCOCCOCCCC)=O,25.0,2.854
FC(F)(F)C(F)(F)C(F)(F)C(F)(F)C(F)(F)C(F)(F)CCCNC(OCCOCCCC)=O,25.0,3.824
FC(F)(F)C(F)(F)C(F)(F)C(F)(F)C(F)(F)C(F)(F)CCCNC(OCCOCCOCCCC)=O,25.0,4.046
FC(F)(F)C(F)(F)C(F)(F)C(F)(F)C(F)(F)C(F)(F)C(F)(F)C(F)(F)CCCNC(OCCOCCCC)=O,25.0,4.62
FC(F)(F)C(F)(F)C(F)(F)C(F)(F)C(F)(F)C(F)(F)C(F)(F)C(F)(F)CCCNC(OCCOCCOCCCC)=O,25.0,4.959
CCCCCCCCCCCCCCCCCC(OCC(O)COCC(O)COCC(O)COCC(O)CO[H])=O,25.0,4.484
CCCCCCCCCCCCCCCCCC(OCC(O)COCC(O)COCC(O)COCC(O)COCC(O)COCC(O)CO[H])=O,25.0,4.562
CCCCCCCCCCCCCCCCCC(OCC(O)COCC(O)COCC(O)COCC(O)COCC(O)COCC(O)COCC(O)COCC(O)COCC(O)COCC(O)CO[H])=O,25.0,4.676
CCCCCCCCCCCC(OCC(O)COCC(O)COCC(O)COCC(O)CO[H])=O,25.0,4.402
CCCCCCCCCCCC(OCC(O)COCC(O)COCC(O)COCC(O)COCC(O)COCC(O)CO[H])=O,25.0,4.446
CCCCCCCCCCCC(OCC(O)COCC(O)COCC(O)COCC(O)COCC(O)COCC(O)COCC(O)COCC(O)COCC(O)COCC(O)CO[H])=O,25.0,4.549
CCCCCCCCCCCCCCCCCC(OCC(COCC(COCC(COCC(CO)O)O)O)O)=O,25.0,4.65
CCCCCCCCCCCCCCCCCC(OCC(COCC(COCC(COCC(COCC(COCC(CO)O)O)O)O)O)O)=O,25.0,4.553
OCC(O)C(O)C(O)COCOCCCC,25.0,0.921
OCC(O)C(O)C(O)COCOCCCCC,25.0,1.237
OCC(O)C(O)C(O)COCOCCCCCC,25.0,2.0
OCC(O)C(O)C(O)COCOCCCCCCC,25.0,1.745
OCC(O)C(O)C(O)COCOCCCCCCCC,25.0,2.357
OCC(O)C(O)C(O)COCOCCCCCCCCC,25.0,2.745
OCC(O)C(O)C(O)COCCCC,25.0,1.237
OCC(O)C(O)C(O)COCCCCC,25.0,1.42
OCC(O)C(O)C(O)COCCCCCC,25.0,2.027
OCC(O)C(O)C(O)COCCCCCCC,25.0,2.036
OCC(O)C(O)C(O)COCCCCCCCC,25.0,2.174
OCC(O)C(O)C(O)COCCCCCCCCC,25.0,2.678
OCC(O)C(O)C(O)COCCCCCCCCCC,25.0,3.092
OCC(O)C(O)C(O)COCCCCCCCCCCC,25.0,3.523
OCC(C(C(CSCCCC)O)O)O,25.0,0.745
OCC(C(C(CSCCCCC)O)O)O,25.0,1.337
OCC(C(C(CSCCCCCC)O)O)O,25.0,1.796
CCCCCCCCC(OC(C1O)C(O)C(O)C(O)C1O)=O,25.0,2.796
CCCCCCCCCCCCC(OC(C1O)C(O)C(O)C(O)C1O)=O,25.0,3.638
CCCCCCCCCCCCCCCCC(OC(C1O)C(O)C(O)C(O)C1O)=O,25.0,3.854
CCCCCCCCCCCCCCCCCCC(OC(C1O)C(O)C(O)C(O)C1O)=O,25.0,3.699
CCCCCCCCN(CCN(CCCCNC(C(O)C(O)C(O)C(O)CO)=O)CCCCCCCC)CCCCNC(C(O)C(O)C(O)C(O)CO)=O,25.0,4.174
CCCCCCCCCCCCN(CCN(CCCCNC(C(O)C(O)C(O)C(O)CO)=O)CCCCCCCCCCCC)CCCCNC(C(O)C(O)C(O)C(O)CO)=O,25.0,5.42
CCCCCCCCN(CCCCNC(C(C(C(C(C(O)CO)O)O)O)O)=O)CCN(CCCCCCCC)CCCCNC(C(C(C(C(C(O)CO)O)O)O)O)=O,25.0,5.284
CCCCCCCCN(CCN(CCCCNC(C(O)C(O)C(OC1O[C@@H]([C@@H]([C@H]([C@H]1O)O)O)CO)C(O)CO)=O)CCCCCCCC)CCCCNC(C(O)C(O)C(O[C@H]2O[C@H]([C@H]([C@@H]([C@@H]2O)O)O)CO)C(O)CO)=O,25.0,3.886
OCC(C(O[C@H]1O[C@@H](CO)[C@@H](O)[C@H](O)[C@@H]1O)C(C(C(NCCCCN(CCCCCCCCCCCC)CCN(CCCCCCCCCCCC)CCCCNC(C(C(C(OC2O[C@H](CO)[C@H](O)[C@@H](O)[C@H]2O)C(CO)O)O)O)=O)=O)O)O)O,25.0,5.051
CCCCO[C@@H]1[C@H](O)C(O)[C@H](O)[C@@H](CO)O1,25.0,2.143
CCCCO[C@@H]1[C@@H](C([C@@H]([C@H](O1)COC(CCC(OC[C@H]2O[C@@H]([C@@H](C([C@@H]2O)O)O)OCCCC)=O)=O)O)O)O,25.0,1.883
CCCCO[C@@H]1[C@H](O)C(O)[C@H](O)[C@@H](COC(CCCC(OC[C@H]2O[C@H](OCCCC)[C@H](O)C(O)[C@@H]2O)=O)=O)O1,25.0,2.669
CCCCO[C@@H]1[C@@H](C([C@@H]([C@H](O1)COC(C(C=C2)=CC=C2C(OC[C@H]3O[C@@H]([C@@H](C([C@@H]3O)O)O)OCCCC)=O)=O)O)O)O,25.0,2.509
CCCCOC1C([C@@H](O)C(O)[C@@H](O)O1)OC(CCC(OC2C(OCCCC)O[C@H](O)C(O)[C@@H]2O)=O)=O,25.0,1.801
CCCCOC1C([C@@H](O)C(O)[C@@H](O)O1)OC(CCCC(OC2C(OCCCC)O[C@H](O)C(O)[C@@H]2O)=O)=O,25.0,0.959
CCCCOC1C(OC(C(C=C2)=CC=C2C(OC3C(O[C@@H](C([C@@H]3O)O)O)OCCCC)=O)=O)[C@H](C([C@H](O1)O)O)O,25.0,1.886
CCCCCCCCCCCCOCCOCCOCCOCCOCCOCCOCCOCCOCCOCCOCCOCCOCCOCCOCCOCCOCCOCCOCCOCCOCCOCCOCCO,25.0,4.2218
CCCCCCCCCCCCCOCCOCCOCCOCCOCCOCCO,25.0,4.0993
CCCCCCCCCCCCCCCCOCCOCCO,25.0,7.1739
CCCCCCCCCCCCCCCCOCCOCCOCCOCCOCCOCCOCCOCCOCCOCCOCCOCCOCCOCCOCCOCCOCCOCCOCCOCCO,25.0,5.1549
CCCCCCCCCCCCCCCCCCOCCOCCO,25.0,6.6021
CCCCCCCCCCCCCCCCCCOCCOCCOCCOCCOCCOCCOCCOCCOCCOCCO,25.0,5.5229
CCCCCCCCCCCCCCCCCCOCCOCCOCCOCCOCCOCCOCCOCCOCCOCCOCCOCCOCCOCCOCCOCCOCCOCCOCCOCCO,25.0,5.2441
CCCCCCCCCCCCCCCCCCOCCOCCOCCOCCOCCOCCOCCOCCOCCOCCOCCOCCOCCOCCOCCOCCOCCOCCOCCOCCOCCO,25.0,5.4089
CCCCCCCC/C=C/CCCCCCCCOCCOCCO,25.0,1.6048
CCCCCCCC/C=C/CCCCCCCCOCCOCCOCCOCCOCCOCCOCCOCCOCCOCCO,25.0,3.0269
CCCCCCCCCCCCCCCCCOCOCCOCCOCCOCCOCCOCCOCCOCCO,25.0,3.4283
OCCOC1C(OCCO)C(C(COCCOC(CCCCCCCCCCC)=O)OCCO)OC1,25.0,4.301
CCCCCCCCCCCCCOCCOCCOCCOCCO,25.0,4.1602
CCCCCCCCCCCCCOCCOCCOCCOCCOCCO,25.0,4.1191
CCCCCCCCCCCCCOCCOCCOCCOCCOCCOCCOCCO,25.0,4.0931
FC(C(F)(C(F)(C(F)(C(F)(F)C(F)(CCOCCOCCOCCOCCO)F)F)F)F)(F)F,20.0,3.2147
CCCCCCCCCCCCCCOCCOCCOCCOCCOCCOCCOCCOCCOCCO,25.0,5.046
CCCCCCCCCCCC(N(C)CCOCCOCCOCCO)=O,25.0,3.292
CCCCCCCCCCCC(N(C)CCOCCOCCOCCOCCOCCOCCO)=O,25.0,3.187
CCCCCCCCCCCC(N(C)CCOCCOCCOCCOCCOCCOCCOCCOCCOCCO)=O,25.0,3.125
O[C@H](CCCCCCCC)[C@@H](CO)O,25.0,2.2366
O[C@H]([C@H]([C@@H]([C@@H](CO)O1)O)O)[C@@H]1OCCCCCCCC,25.0,1.699
O[C@@H]([C@H]([C@@H]([C@@H](CO)O1)O)O)[C@H]1OCCCCCCCC,25.0,2.2218
O[C@H]([C@H]([C@H]([C@@H](CO)O1)O)O)[C@@H]1OCCCCCCCC,25.0,1.7959
O[C@@H]([C@H]([C@@H]([C@@H](CO)O1)O)O)[C@H]1OCCCCCCCCCC,25.0,3.6021
O[C@H]([C@H]([C@H]([C@@H](CO)O1)O)O)[C@@H]1OCCCCCCCCCC,25.0,3.1549
O[C@@H]([C@H]([C@@H]([C@@H](CO)O1)O)O)[C@H]1OCCCCCCCCCCCC,25.0,4.301
O[C@H]([C@H]([C@H]([C@@H](CO)O1)O)O)[C@@H]1OCCCCCCCCCCCC,25.0,3.699
O[C@H]([C@H]([C@@H](CO)O)O)COCCCC,25.0,1.2366
O[C@H]([C@H]([C@@H](CO)O)O)COCCCCC,25.0,1.4202
O[C@H]([C@H]([C@@H](CO)O)O)COCCCCCC,25.0,2.0269
O[C@H]([C@H]([C@@H](CO)O)O)COCCCCCCC,25.0,2.0362
O[C@H]([C@H]([C@@H](CO)O)O)COCCCCCCCC,25.0,2.1739
O[C@H]([C@H]([C@@H](CO)O)O)COCCCCCCCCC,25.0,2.6778
O[C@H]([C@H]([C@@H](CO)O)O)COC(CCCC)=O,25.0,0.9208
O[C@H]([C@H]([C@@H](CO)O)O)COC(CCCCC)=O,25.0,1.2366
O[C@H]([C@H]([C@@H](CO)O)O)COC(CCCCCC)=O,25.0,2.0
O[C@H]([C@H]([C@@H](CO)O)O)COC(CCCCCCC)=O,25.0,1.7447
O[C@H]([C@H]([C@@H](CO)O)O)COC(CCCCCCCC)=O,25.0,2.3565
O[C@H]([C@H]([C@@H](CO)O)O)COC(CCCCCCCCC)=O,25.0,2.7447
O[C@H]([C@H]([C@@H](CO)O)O)CSCCCC,25.0,0.7447
O[C@H]([C@H]([C@@H](CO)O)O)CSCCCCC,25.0,1.3372
O[C@@H]([C@@H]([C@H](CO)O)O)CSCCCCCC,20.0,1.9208
O[C@@H]([C@@H]([C@H](CO)O)O)CSCCCCCCCC,20.0,2.9208
O[C@@H]([C@@H]([C@H](CO)O)O)CSCCCCCCCCCC,20.0,3.3979
O[C@H]([C@H]([C@@H](CO)O)O)CSCCCCCC,20.0,1.7447
O[C@H]([C@H]([C@@H](CO)O)O)CSCCCCCCCC,20.0,2.7447
O[C@@H]([C@@H]([C@H]1CSCCCCCC)O)C(O1)=O,20.0,2.1739
O[C@@H]([C@@H]([C@H]1CSCCCCCCCC)O)C(O1)=O,20.0,3.3188
O[C@@H]([C@@H]([C@H]1CSCCCCCCCCCC)O)C(O1)=O,20.0,4.4815
O[C@H]([C@H]([C@H]1CSCCCCCC)O)C(O1)=O,20.0,2.301
O[C@H]([C@H]([C@H]1CSCCCCCCCC)O)C(O1)=O,20.0,3.2757
O[C@H]([C@H]([C@H]1CSCCCCCCCCCC)O)C(O1)=O,20.0,4.6383
O[C@H]([C@H]([C@@H]([C@@H](CO)O1)O)O)[C@@H]1OC(CCCC)CCCCC,25.0,1.8239
O[C@H]([C@H]([C@@H]([C@@H](CO)O1)O)O)[C@@H]1OC(CCC)CCCCCC,25.0,1.9208
O[C@H]([C@H]([C@@H]([C@@H](CO)O1)O)O)[C@@H]1OC(CC)CCCCCCC,25.0,2.0706
O[C@H]([C@H]([C@@H]([C@@H](CO)O1)O)O)[C@@H]1OC(C)CCCCCCCC,25.0,2.3468
O[C@H]([C@H]([C@@H]([C@@H](CO)O1)O)O)[C@@H]1OCCC(C)CCCC(C)C,25.0,2.3979
O[C@@H]1[C@H]([C@@H]([C@H](O[C@H]1OCCC(C)CCCC(C)C)CO)O[C@@H]2[C@@H]([C@H]([C@@H]([C@H](O2)CO)O)O)O)O,25.0,2.2757
O[C@@H]1[C@@H]([C@@H](CO)O[C@@H](OCCC(C)CCCC(C)C)[C@@H]1O)OC2[C@H](O)C(O)[C@H](OC3O[C@H](CO)[C@@H](O)[C@H](O)[C@H]3O)[C@@H](CO)O2,25.0,2.301
O[C@@H]([C@@H]([C@@H](CO)O1)O)C[C@@H]1OCC(N)CCCCCC,25.0,1.6383
O[C@@H]([C@@H]([C@@H](CO)O1)O)C[C@@H]1OCC(N)CCCCCCC,25.0,2.1549
O[C@H]([C@H]([C@@H]([C@@H](CO)O)O)O)C(N(CCCCCCCCCC)C)=O,25.0,2.8861
O[C@H]([C@H]([C@@H]([C@@H](CO)O)O)O)C(N(CCCCCCCCCCCC)C)=O,20.0,3.8539
O[C@H]([C@H]([C@@H]([C@@H](CO)O)O)O)C(N(CCCCCCCCCCCCCC)C)=O,20.0,4.6198
O[C@H]([C@H]([C@@H]([C@@H](CO)O)O)O)C(N(CCCCCCCC/C=C\CCCCCCCC)C)=O,20.0,4.4949
OC([C@H]([C@H]([C@@H](C(N(CCCCCCCCCC)C)=O)O)O)O[C@H]1[C@@H]([C@H]([C@H]([C@H](O1)CO)O)O)O)CO,20.0,2.6383
OC([C@H]([C@H]([C@@H](C(N(CCCCCCCCCCCC)C)=O)O)O)O[C@H]1[C@@H]([C@H]([C@H]([C@H](O1)CO)O)O)O)CO,20.0,3.6021
OC([C@H]([C@H]([C@@H](C(N(CCCCCCCCCCCCCC)C)=O)O)O)O[C@H]1[C@@H]([C@H]([C@H]([C@H](O1)CO)O)O)O)CO,20.0,4.4437
OC([C@H]([C@H]([C@@H](C(N(CCCCCCCCCCCCCCCC)C)=O)O)O)O[C@H]1[C@@H]([C@H]([C@H]([C@H](O1)CO)O)O)O)CO,20.0,5.0315
OC([C@H]([C@H]([C@@H](C(N(CCCCCCCCCCCCCCCCCC)C)=O)O)O)O[C@H]1[C@@H]([C@H]([C@H]([C@H](O1)CO)O)O)O)CO,20.0,5.4815
OC([C@H]([C@H]([C@@H](C(N(CCCCCCCC/C=C\CCCCCCCC)C)=O)O)O)O[C@H]1[C@@H]([C@H]([C@H]([C@H](O1)CO)O)O)O)CO,20.0,4.2676
CONC(CCCCCCCCCCC)=O,25.0,3.4437
O[C@H]([C@H]([C@@H]([C@@H](CO)O)O)O)CN(C(CCCCCCC)=O)C,25.0,1.1612
O[C@H]([C@H]([C@@H]([C@@H](CO)O)O)O)CN(C(CCCCCCCC)=O)C,25.0,1.6778
O[C@H]([C@H]([C@@H]([C@@H](CO)O)O)O)CN(C(CCCCCCCCC)=O)C,25.0,2.1739
O[C@@H]1[C@@H](O)[C@H](O[C@@H]2[C@H](O)[C@@H](O)[C@H](O)[C@@H](CO)O2)[C@@H](CO)O[C@H]1OCCCCCCCCCC,25.0,2.699
O[C@H]([C@H]([C@@H]([C@@H](CO)O1)O)O)[C@@H]1OCCCCCCCCCC,25.0,2.699
O[C@@H]1[C@@H](O)[C@H](O[C@@H]2[C@H](O)[C@@H](O)[C@H](O)[C@@H](CO)O2)[C@@H](CO)O[C@H]1OCCCCCCCCCCCC,25.0,3.7696
O[C@@H]1[C@H]([C@@H]([C@H](O[C@H]1OCCCCCCCC/C=C\CCCCCCCC)CO)O[C@@H]2[C@@H]([C@H]([C@@H]([C@H](O2)CO)O)O)O)O,25.0,4.699
O[C@@H]1[C@H]([C@@H]([C@H](O[C@H]1OCCCCCCCC/C=C\CCCCCCCC)CO)O[C@@H]2[C@@H]([C@H]([C@@H]([C@H](O2)CO)O[C@@H]3[C@@H]([C@H]([C@@H]([C@H](O3)CO)O)O)O)O)O)O,25.0,4.3768
OC([C@H]([C@H]([C@@H](C(NCCCCCCCCCC)=O)O)O)O[C@H]1[C@@H]([C@H]([C@H]([C@H](O1)CO)O)O)O)CO,25.0,2.8861
CCCCCCCCCCCC(OC[C@H]1O[C@@H]([C@@H]([C@H]([C@@H]1O)O)O)O[C@H]2[C@@H]([C@H](C(O[C@@H]2CO)O)O)O)=O,25.0,3.4815
OC([C@H]([C@H]([C@@H](C(N(C(CCCCCCCCC)=O)C)=O)O)O)O[C@H]1[C@@H]([C@H]([C@H]([C@H](O1)CO)O)O)O)CO,25.0,2.4815
OC([C@H]([C@H]([C@@H](C(N(C(CCCCCCCCCCC)=O)C)=O)O)O)O[C@H]1[C@@H]([C@H]([C@H]([C@H](O1)CO)O)O)O)CO,25.0,3.3468
OC([C@H]([C@H]([C@@H](C(N(C(CCCCCCCCCCCCC)=O)C)=O)O)O)O[C@H]1[C@@H]([C@H]([C@H]([C@H](O1)CO)O)O)O)CO,25.0,4.1675
O[C@H]([C@H]([C@@H]([C@@H](CO)O1)O)O)[C@@H]1OCCCCCCCCC,25.0,2.1612
OC[C@]1(O[C@@H]2[C@@H]([C@H]([C@@H]([C@H](O2)COC(CCCCCCCCCCC)=O)O)O)O)[C@H]([C@@H]([C@@H](CO)O1)O)O,20.0,3.3372
O[C@H]1[C@@H]([C@H]([C@H](O[C@@H]1COC(CCCCCCCCCCC)=O)OC[C@@H]2[C@H]([C@@H]([C@H]([C@H](O2)O[C@]3([C@H]([C@@H]([C@H](O3)CO)O)O)CO)O)O)O)O)O,20.0,3.0223
O[C@H]1[C@@H]([C@H]([C@H](O[C@@H]1COC(CCCCCCCCCCC)=O)OC[C@@H]2[C@H]([C@@H]([C@H]([C@H](O2)OC[C@H]3[C@H](O)[C@@H](O)[C@H](O)[C@H](O[C@]4([C@H]([C@@H]([C@H](O4)CO)O)O)CO)O3)O)O)O)O)O,20.0,2.6383
O[C@H]1[C@H](NC(CCCCCCC)=O)O[C@H](CO)[C@H](O)[C@@H]1O,25.0,1.3468
O[C@H]1[C@H](NC(CCCCCCC)=O)O[C@H](CO)[C@@H](O)[C@@H]1O,25.0,1.1549
O[C@@H]([C@H]([C@H](CO)O)O)CSCCCCCC,20.0,1.9914
O[C@@H]([C@H]([C@H](CO)O)O)CSCCCCCCCC,20.0,3.4202
CCCCCCCNC(OC[C@H]1O[C@@H]([C@@H]([C@H]([C@@H]1O)O)O)OC)=O,25.0,1.71
O[C@H]([C@H]([C@@H]([C@@H](CO)O1)O)O)[C@@H]1OCCCCCCCCCCCC,25.0,3.7212
O[C@@H]1[C@H]([C@@H]([C@H](O[C@H]1OCCCCCCCCCCCCCCCC)CO)O[C@@H]2[C@@H]([C@H]([C@@H]([C@H](O2)CO)O[C@@H]3[C@@H]([C@H]([C@@H]([C@H](O3)CO)O)O)O)O)O)O,25.0,6.2218
CC(C)CCCC(C)CCCC(C)CCCC(CO[C@@H]1O[C@H](CO)[C@@H](O[C@@H]2[C@H](O)[C@@H](O)[C@H](O)[C@@H](CO)O2)[C@H](O)[C@H]1O)=O,20.0,4.5258
O[C@H]([C@H]([C@@H]([C@@H](CO)O1)O)O)[C@H]1OCCCCCCCCCCCC,20.0,4.3768
O[C@@H]1[C@H]([C@@H]([C@H](O[C@H]1OCCCCCCCC)CO)O[C@@H]2[C@@H]([C@H]([C@@H]([C@H](O2)CO)O)O)O)O,20.0,1.6345
O[C@@H]1[C@H]([C@@H]([C@H](O[C@H]1OCCCCCCCCC)CO)O[C@@H]2[C@@H]([C@H]([C@@H]([C@H](O2)CO)O)O)O)O,20.0,2.1871
O[C@@H]1[C@H]([C@@H]([C@H](O[C@H]1OCCCCCCCCCCCCCC)CO)O[C@@H]2[C@@H]([C@H]([C@@H]([C@H](O2)CO)O)O)O)O,20.0,4.7773
O[C@@H]1[C@H]([C@@H]([C@H](O[C@H]1OCCCCCCCCCCCCCCCC)CO)O[C@@H]2[C@@H]([C@H]([C@@H]([C@H](O2)CO)O)O)O)O,20.0,5.8386
OC[C@@H]1[C@@H](O[C@@H]2[C@H](O)[C@@H](O)[C@H](O)[C@@H](CO)O2)[C@H](O)[C@@H](O)[C@@H](OCCCCCCCCCCCC)O1,20.0,3.9208
O[C@H]([C@H]([C@H]([C@@H](CO)O1)O)O)[C@H]1OCCCCCCC,25.0,1.4881
O[C@H]([C@H]([C@H]([C@@H](CO)O1)O)O)[C@@H]1OCCCCCCC,25.0,1.757
O[C@H]([C@H]([C@H]([C@@H](CO)O1)O)O)[C@H]1OCCCCCCCC,25.0,1.7258
O[C@@H]([C@H]([C@@H]([C@@H](CO)O1)O)O)[C@H]1OCCCCCCC,25.0,1.5143
O[C@H]([C@H]([C@H]([C@@H](CO)O1)O)O)[C@H]1OCCCCCCCCC,25.0,2.284
O[C@@H]([C@H]([C@@H]([C@@H](CO)O1)O)O)[C@H]1OCCCCCCCCC,25.0,2.3979
O[C@H]([C@H]([C@@H]([C@@H](CO)O1)O)O)[C@@H]1OCCCCCCC,25.0,1.1409
O=C[C@@H]([C@H]([C@@H]([C@@H](C(NCCCCCCCC)=O)O)O)O)O,25.0,2.4815
O=C[C@@H]([C@H]([C@H]([C@@H](C(NCCCCCCCC)=O)O)O)O)O,25.0,2.3979
O[C@H]([C@H]([C@@H]([C@@H](CO)O1)O)O)[C@@H]1OCCCCCC,25.0,0.6445
O[C@H]([C@H]([C@@H]([C@@H](CO)O1)O)O)[C@@H]1SCCCCCC,25.0,1.0857
O[C@H]([C@H]([C@@H]([C@@H](CO)O1)O)O)[C@@H]1SCCCCCCC,25.0,1.5654
O[C@H]([C@H]([C@@H]([C@@H](CO)O1)O)O)[C@@H]1SCCCCCCCC,25.0,1.6737
O[C@H]([C@H]([C@@H]([C@@H](CO)O1)O)O)[C@@H]1SCCCCCCCCC,25.0,2.5528
O[C@H]([C@H]([C@@H]([C@@H](CO)O1)O)O)[C@@H]1SCCCCCCCCCC,25.0,3.0458
O[C@H]1[C@H](O[C@@H]2[C@H](O)[C@@H](O)[C@H](O)[C@@H](CO)O2)[C@@H](CO)O[C@@H](SCCCCCCCC)[C@@H]1O,25.0,2.0862
O[C@H]1[C@H](O[C@@H]2[C@H](O)[C@@H](O)[C@H](O)[C@@H](CO)O2)[C@@H](CO)O[C@@H](SCCCCCCCCCC)[C@@H]1O,25.0,3.2218
O=C[C@@H]([C@H]([C@@H]([C@@H](CO)O)O)OCCCCCCCC)O,25.0,2.8539
O=C[C@@H]([C@H]([C@@H]([C@@H](CO)O)O)OC(CCCCCCC)=O)O,25.0,3.2147
OC(COCCCCCCCC)C(O)C(O)CO,25.0,2.1739
OC(COCCCCCCCCCC)C(O)C(O)CO,25.0,3.0915
CCCCCCCCO[C@@H]([C@H](O)[C@@H](CO)OC1O)[C@H]1O,25.0,2.9208
CCCCCCCCCCO[C@@H]([C@H](O)[C@@H](CO)OC1O)[C@H]1O,25.0,3.1079
CCCCCCCCCCCCO[C@@H]([C@H](O)[C@@H](CO)OC1O)[C@H]1O,25.0,3.6383
CCCCCCCCCCCCCCO[C@@H]([C@H](O)[C@@H](CO)OC1O)[C@H]1O,25.0,3.7447
CCCCCCCCCCCCCCCCCC(=O)[O-].[Na+],30.0,3.25527250510331
CCCCCCCCCCCCCCCCCC(=O)[O-].[Na+],50.0,3.25527250510331
CCCCCCCCCCO[C@H]1[C@@H]([C@H]([C@@H]([C@H](O1)CO)O[C@@H]2[C@@H]([C@H]([C@@H]([C@H](O2)CO)O)O)O)O)O,15.0,3.38201704257487
CCCCCCCCCCO[C@H]1[C@@H]([C@H]([C@@H]([C@H](O1)CO)O[C@@H]2[C@@H]([C@H]([C@@H]([C@H](O2)CO)O)O)O)O)O,25.0,3.34242268082221
CCCCCCCCCCO[C@H]1[C@@H]([C@H]([C@@H]([C@H](O1)CO)O[C@@H]2[C@@H]([C@H]([C@@H]([C@H](O2)CO)O)O)O)O)O,35.0,3.31175386105575
CCCCCCCCCCO[C@H]1[C@@H]([C@H]([C@@H]([C@H](O1)CO)O[C@@H]2[C@@H]([C@H]([C@@H]([C@H](O2)CO)O)O)O)O)O,45.0,3.32221929473392
CCCCCCCCCCO[C@H]1[C@@H]([C@H]([C@@H]([C@H](O1)CO)O[C@@H]2[C@@H]([C@H]([C@@H]([C@H](O2)CO)O)O)O)O)O,55.0,3.35602585719312
CCCCCCCCCCO[C@H]1[C@@H]([C@H]([C@@H]([C@H](O1)CO)O[C@@H]2[C@@H]([C@H]([C@@H]([C@H](O2)CO)O)O)O)O)O,65.0,3.4099331233313
CCCCCCCCOCCOCCOCCO,25.0,3.8750612633917
CCCCCCCCOCCOCCOCCO,15.0,3.96848294855394
C(=O)(C(C(C(C(C(C(C(F)(F)F)(F)F)(F)F)(F)F)(F)F)(F)F)(F)F)[O-].[K+],25.0,4.45788189673399
C(=O)(C(C(C(C(C(C(C(F)(F)F)(F)F)(F)F)(F)F)(F)F)(F)F)(F)F)[O-].[K+],30.0,4.43775056282039
C(=O)(C(C(C(C(C(C(C(F)(F)F)(F)F)(F)F)(F)F)(F)F)(F)F)(F)F)[O-].[K+],35.0,4.42651126136458
C(=O)(C(C(C(C(C(C(C(F)(F)F)(F)F)(F)F)(F)F)(F)F)(F)F)(F)F)[O-].[K+],40.0,4.41995574848976
C(=O)(C(C(C(C(C(C(C(F)(F)F)(F)F)(F)F)(F)F)(F)F)(F)F)(F)F)[O-].[K+],45.0,4.42160392686983
C(=O)(C(C(C(C(C(C(C(F)(F)F)(F)F)(F)F)(F)F)(F)F)(F)F)(F)F)[O-].[K+],50.0,4.43136376415899
C(=O)(C(C(C(C(C(C(C(F)(F)F)(F)F)(F)F)(F)F)(F)F)(F)F)(F)F)[O-].[K+],55.0,4.4456042032736
C(=O)(C(C(C(C(C(C(C(F)(F)F)(F)F)(F)F)(F)F)(F)F)(F)F)(F)F)[O-].[K+],70.0,4.48713837547719
C(=O)(C(C(C(C(C(C(C(F)(F)F)(F)F)(F)F)(F)F)(F)F)(F)F)(F)F)[O-].[K+],85.0,4.54900326202579
CCCCCCOCCOCCOCCOCCOCCO,20.0,4.96614173273903
CCCCCCOCCOCCOCCOCCOCCO,25.0,4.983
CCCCCCCCCCCC[N+](C)(C)CC1=CC=CC=C1.[Br-],19.85,3.74429298312268
CCCCCCCCCCCC[N+](C)(C)CC1=CC=CC=C1.[Br-],29.85,3.79657433321043
CCCCCCCCCCCC[N+](C)(C)CC1=CC=CC=C1.[Br-],39.85,3.85003325768977
CCCCCCCCCCCC[N+](C)(C)CC1=CC=CC=C1.[Br-],15.0,3.74036268949424
CCCCCCCCCCCC[N+](C)(C)CC1=CC=CC=C1.[Br-],20.0,3.73239375982297
CCCCCCCCCCCC[N+](C)(C)CC1=CC=CC=C1.[Br-],25.0,3.74036268949424
CCCCCCCCCCCC[N+](C)(C)CC1=CC=CC=C1.[Br-],30.0,3.7481880270062
CCCCCCCCCCCC[N+](C)(C)CC1=CC=CC=C1.[Br-],35.0,3.76342799356294
CCCCCCCCCCCCCC(C)C1=CC=C(C=C1)S(=O)(=O)[O-].[Na+],40.0,2.49136169383427
CCCCCCCCCCCCCC(C)C1=CC=C(C=C1)S(=O)(=O)[O-].[Na+],32.6,2.69897000433602
CCCCCCCCCCCCCCCC(=O)NCCC[N+](C)(C)CCCCCCCCCCCCCCCC.[Br-],25.0,2.81358098856819
CCCCCCCCCCCCCCCC(=O)NCCC[N+](C)(C)CCCCCCCCCCCCCCCC.[Br-],40.0,2.51982799377572
CCCCCCCCCCCCCCCC(=O)NCCC[N+](C)(C)CCCCCCCCCCCCCCCC.[Br-],60.0,2.33243845991561
CCCCCCCCCCCCCC[NH3+].[Cl-],25.0,3.44715803134222
CCCCCCCCCCCCCC[NH3+].[Cl-],30.0,3.568201724067
CCCCCCCCCCCCCC[NH3+].[Cl-],40.0,3.49136169383427
CCCCCCCCCCCCCC[NH3+].[Cl-],60.0,3.65321251377534
CCCCCCCCOC(=O)CC(C(=O)OCCCCCCCC)S(=O)(=O)[O-].[Na+],25.0,2.95904139232109
CCCCCCCCOC(=O)CC(C(=O)OCCCCCCCC)S(=O)(=O)[O-].[Na+],30.0,2.80617997398389
CCCCCCCCCC(=O)[O-].[Na+],15.0,5.05307844348342
CCCCCCCCCC(=O)[O-].[Na+],20.0,5.0386201619497
CCCCCCCCCC(=O)[O-].[Na+],25.0,5.02530586526477
CCCCCCCCCC(=O)[O-].[Na+],30.0,5.01619735351244
CCCCCCCCCC(=O)[O-].[Na+],35.0,5.00860017176192
CCCCCCCCCC(=O)[O-].[Na+],40.0,5.00560944536028
CCCCCCCCCC(=O)[O-].[Na+],45.0,5.00860017176192
CCCCCCCCCC(=O)[O-].[Na+],50.0,5.01325866528352
CCCCCCCCCC(=O)[O-].[Na+],55.0,5.02448566769917
CCCCCCCCCCCCOCCOCCOCCOCCOCCO,25.0,1.80617997398389
CCCCCCCCCCCCOCCOCCOCCOCCOCCO,10.0,1.95424250943933
CCCCCCCCCCCCOCCOCCOCCOCCOCCO,40.0,1.77085201164214
CCCCCCCCCCCCOCCOCCOCCOCCOCCO,20.0,1.60205999132796
CCCCCCCCCCCCOCCOCCOCCOCCOCCO,23.0,1.75587485567249
CCCCCCCCCCCCCCCC[N+](C)(C)C.[Br-],19.85,2.98989456371877
CCCCCCCCCCCCCCCC[N+](C)(C)C.[Br-],29.85,3.04532297878666
CCCCCCCCCCCCCCCC[N+](C)(C)C.[Br-],39.85,3.08635983067475
CCCCCCCCCCOC(=O)CCS(=O)(=O)[O-].[Na+],40.0,4.11727129565576
CCCCCCCCCCOC(=O)CCS(=O)(=O)[O-].[Na+],30.0,4.04139268515823
CCCCCCCCCCO[C@H]1[C@@H]([C@H]([C@@H]([C@H](O1)CO)O)O)O,10.0,3.40312052117582
CCCCCCCCCCO[C@H]1[C@@H]([C@H]([C@@H]([C@H](O1)CO)O)O)O,20.0,3.32014628611105
CCCCCCCCCCO[C@H]1[C@@H]([C@H]([C@@H]([C@H](O1)CO)O)O)O,37.0,3.30749603791321
CCCCCCCCCCO[C@H]1[C@@H]([C@H]([C@@H]([C@H](O1)CO)O)O)O,50.0,3.32837960343874
CCCCCCCCCCCCCC[N+]1=CC=CC=C1.[Cl-],6.0,3.65321251377534
CCCCCCCCCCCCCC[N+]1=CC=CC=C1.[Cl-],25.0,3.54406804435028
CCCCCCCCCCCCCC[N+]1=CC=CC=C1.[Cl-],45.0,3.65321251377534
CC(C)(C)CC(C)(C)C1=CC=C(C=C1)OCCOCCOCCOCCO,15.0,2.12710479836481
CC(C)(C)CC(C)(C)C1=CC=C(C=C1)OCCOCCOCCOCCO,25.0,2.09691001300806
CC(C)(C)CC(C)(C)C1=CC=C(C=C1)OCCOCCOCCOCCO,35.0,2.11394335230684
CC(C)(C)CC(C)(C)C1=CC=C(C=C1)OCCOCCOCCOCCO,45.0,2.14921911265538
CC(C)(C)CC(C)(C)C1=CC=C(C=C1)OCCOCCOCCOCCO,55.0,2.20139712432045
CC(C)(C)CC(C)(C)C1=CC=C(C=C1)OCCOCCOCCOCCO,65.0,2.23552844690755
CC(C)(C)CC(C)(C)C1=CC=C(C=C1)OCCOCCOCCOCCO,75.0,2.28103336724773
CC(C)(C)CC(C)(C)C1=CC=C(C=C1)OCCOCCOCCOCCO,85.0,2.32837960343874
CCCCCCCCC=CCCCCCCCC(=O)[O-].[K+],25.0,2.90308998699194
CCCCCCCCC=CCCCCCCCC(=O)[O-].[K+],50.0,3.07918124604763
CCCCCCCCCCCCC(=O)OCCS(=O)(=O)[O-].[Na+],40.0,3.53147891704226
CCCCCCCCCCCCC(=O)OCCS(=O)(=O)[O-].[Na+],30.0,3.34242268082221
CCCCCCCCCCCCCOCCOCCOCCOCCOCCOCCOCCOCCO,25.0,1.47712125471966
CCCCCCCCCCCCCOCCOCCOCCOCCOCCOCCOCCOCCO,15.0,1.50514997831991
CCCCCCCCCCCCCOCCOCCOCCOCCOCCOCCOCCOCCO,40.0,1.30102999566398
CCCCCCCCCCCCCOCCOCCOCCOCCOCCOCCOCCOCCO,20.0,1.44715803134222
CCCCCCCCCCCCCOCCOCCOCCOCCOCCOCCOCCOCCO,30.0,1.43136376415899
CCCCCCCCCCCCN1C=C[N+](=C1)C.[Br-],25.0,3.96331551138611
CCCCCCCCCCCCN1C=C[N+](=C1)C.[Br-],35.0,4.00987563371216
CCCCCCCCCCCCN1C=C[N+](=C1)C.[Br-],45.0,4.04375512696868
CCCCCCCCC(C(=O)[O-])C(=O)[O-].[K+].[K+],20.0,5.47712125471966
CCCCCCCCC(C(=O)[O-])C(=O)[O-].[K+].[K+],25.0,5.54406804435028
CCCCCCCCCCCCCCCCCCOS(=O)(=O)[O-].[Na+],50.0,2.36361197989214
CCCCCCCCCCCCCCCCCCOS(=O)(=O)[O-].[Na+],40.0,2.47712125471966
CCCCCCCCCCCCOCCOS(=O)(=O)[O-].[Na+],25.0,3.5910646070265
CCCCCCCCCCCCOCCOS(=O)(=O)[O-].[Na+],10.0,3.67486114073781
CCCCCCCCCCCCOCCOS(=O)(=O)[O-].[Na+],40.0,3.6170003411209
CCCCCCCCCCCCOCCOS(=O)(=O)[O-].[Na+],50.0,3.67942789661212
C(=O)(C(C(C(C(C(C(F)(F)F)(F)F)(F)F)(F)F)(F)F)(F)F)[O-].[Na+],15.0,4.95530282276169
C(=O)(C(C(C(C(C(C(F)(F)F)(F)F)(F)F)(F)F)(F)F)(F)F)[O-].[Na+],20.0,4.93811926919431
C(=O)(C(C(C(C(C(C(F)(F)F)(F)F)(F)F)(F)F)(F)F)(F)F)[O-].[Na+],25.0,4.91603261018857
C(=O)(C(C(C(C(C(C(F)(F)F)(F)F)(F)F)(F)F)(F)F)(F)F)[O-].[Na+],30.0,4.90725008288133
C(=O)(C(C(C(C(C(C(F)(F)F)(F)F)(F)F)(F)F)(F)F)(F)F)[O-].[Na+],35.0,4.90151280912994
C(=O)(C(C(C(C(C(C(F)(F)F)(F)F)(F)F)(F)F)(F)F)(F)F)[O-].[Na+],40.0,4.8991088581934
C(=O)(C(C(C(C(C(C(F)(F)F)(F)F)(F)F)(F)F)(F)F)(F)F)[O-].[Na+],45.0,4.9022749204745
C(=O)(C(C(C(C(C(C(F)(F)F)(F)F)(F)F)(F)F)(F)F)(F)F)[O-].[Na+],54.0,4.91771551655949
C(=O)(C(C(C(C(C(C(F)(F)F)(F)F)(F)F)(F)F)(F)F)(F)F)[O-].[Na+],59.8,4.93580945380993
CCCCCCCCCCCCOCCOCCOCCO,10.0,1.79934054945358
CCCCCCCCCCCCOCCOCCOCCO,40.0,1.7481880270062
CCCCCCCCCCCCOCCOCCOCCO,25.0,1.7160033436348
CCCCCCCCCCCCC(=O)NC(C)C(=O)[O-].[Na+],25.0,3.97772360528885
CCCCCCCCCCCCC(=O)NC(C)C(=O)[O-].[Na+],35.0,3.99563519459755
CCCCCCCCCCCCC(=O)NC(C)C(=O)[O-].[Na+],45.0,3.9731278535997
CCCCCCCCCCCCC(=O)NC(C)C(=O)[O-].[Na+],55.0,3.92427928606188
CCCCCCCCCCCCC(=O)NC(C)C(=O)[O-].[Na+],65.0,3.79239168949825
CCCCCCCCS[C@H]1[C@@H]([C@H]([C@@H]([C@H](O1)CO)O)O)O,19.85,3.96848294855394
CCCCCCCCS[C@H]1[C@@H]([C@H]([C@@H]([C@H](O1)CO)O)O)O,24.85,3.92941892571429
CCCCCCCCS[C@H]1[C@@H]([C@H]([C@@H]([C@H](O1)CO)O)O)O,29.85,3.8750612633917
CCCCCCCCS[C@H]1[C@@H]([C@H]([C@@H]([C@H](O1)CO)O)O)O,34.85,3.83884909073726
CCCCCCCCS[C@H]1[C@@H]([C@H]([C@@H]([C@H](O1)CO)O)O)O,39.85,3.79239168949825
CCCCCCCCCCCCCC[N+](C)(C)CCCCS(=O)(=O)[O-],25.0,2.45178643552429
CCCCCCCCCCCCCC[N+](C)(C)CCCCS(=O)(=O)[O-],30.0,2.50379068305718
CCCCCCCCCCCCCC[N+](C)(C)CCCCS(=O)(=O)[O-],35.0,2.50105926221775
CCCCCCCCCCCCCC[N+](C)(C)CCCCS(=O)(=O)[O-],40.0,2.48572142648158
CCCCCCCCCCCCCC[N+](C)(C)CCCCS(=O)(=O)[O-],45.0,2.45788189673399
CCCCCCCCCC[N+](C)(C)CC(=O)[O-],20.0,4.32221929473392
CCCCCCCCCC[N+](C)(C)CC(=O)[O-],23.0,4.25527250510331
CCCCCCCCCCCCCCCC[N+](C)(C)CC1=CC=CC=C1.[Cl-],10.0,2.68304703823885
CCCCCCCCCCCCCCCC[N+](C)(C)CC1=CC=CC=C1.[Cl-],15.0,2.68124123737559
CCCCCCCCCCCCCCCC[N+](C)(C)CC1=CC=CC=C1.[Cl-],20.0,2.68574173860226
CCCCCCCCCCCCCCCC[N+](C)(C)CC1=CC=CC=C1.[Cl-],25.0,2.69284691927723
CCCCCCCCCCCCCCCC[N+](C)(C)CC1=CC=CC=C1.[Cl-],30.0,2.70842090013471
CCCCCCCCCCCCCCCC[N+](C)(C)CC1=CC=CC=C1.[Cl-],35.0,2.72591163229505
CCCCCCCCCCCCOCCOCCOCCOCCOCCOCCOCCO,23.0,1.90308998699194
CCCCCCCCCCCCOCCOCCOCCOCCOCCOCCOCCO,10.0,2.08278537031645
CCCCCCCCCCCCOCCOCCOCCOCCOCCOCCOCCO,25.0,1.91381385238372
CCCCCCCCCCCCOCCOCCOCCOCCOCCOCCOCCO,40.0,1.86332286012046
CCCCCCCCCCCCC1=CC=CC=C1S(=O)(=O)[O-].[K+],10.0,3.32428245529769
CCCCCCCCCCCCC1=CC=CC=C1S(=O)(=O)[O-].[K+],15.0,3.33845649360461
CCCCCCCCCCCCC1=CC=CC=C1S(=O)(=O)[O-].[K+],20.0,3.35218251811136
CCCCCCCCCCCCC1=CC=CC=C1S(=O)(=O)[O-].[K+],25.0,3.37657695705651
CCCCCCCCCCCCC1=CC=CC=C1S(=O)(=O)[O-].[K+],30.0,3.38381536598043
CCCCCCCCCCCCC1=CC=CC=C1S(=O)(=O)[O-].[K+],35.0,3.39794000867204
CCCCCCCCCCCCC1=CC=CC=C1S(=O)(=O)[O-].[K+],40.0,3.41664050733828
CCCCCCCCCC[N+](C)(C)C.[Cl-],5.0,5.03100428136354
CCCCCCCCCC[N+](C)(C)C.[Cl-],10.0,5.02118929906994
CCCCCCCCCC[N+](C)(C)C.[Cl-],15.0,4.98989456371877
CCCCCCCCCC[N+](C)(C)C.[Cl-],20.0,4.98136550907854
CCCCCCCCCC[N+](C)(C)C.[Cl-],25.0,4.97634997900327
CCCCCCCCCC[N+](C)(C)C.[Cl-],30.0,4.95616843047536
CCCCCCCCCC[N+](C)(C)C.[Cl-],35.0,4.93851972517649
CCCCCCCCCC[N+](C)(C)C.[Cl-],40.0,4.93651374247889
CCCCCCCCCC[N+](C)(C)C.[Cl-],45.0,4.94939000664491
CCCCCCCC/C=C\CCCCCCCC(=O)[O-].[Na+],25.0,3.32221929473392
CCCCCCCC/C=C\CCCCCCCC(=O)[O-].[Na+],50.0,3.54406804435028
CCCCCCCC/C=C\CCCCCCCC(=O)[O-].[Na+],60.0,3.50514997831991
CCCCCCCC/C=C\CCCCCCCC(=O)[O-].[Na+],40.0,3.47712125471966
CCCCCCCCCCCCOCCO,25.0,1.362
CCCCCCCCCCCCC(CCCCC)OS(=O)(=O)[O-].[Na+],40.0,2.85733249643127
CCCCCCCCCCCC[N+](C)(C)CCCC.[Br-],25.0,3.8750612633917
CCCCCCCO[C@@H]1[C@@H]([C@H]([C@H]([C@H](O1)CO)O)O)O,25.0,4.51188336097887
CCCCCCCCCC(=O)NC(CO)C(=O)O,25.0,3.84198480459011
C(C(=O)OCCCCCCC)C(C(=O)OCCCCCCC)CS(=O)(=O)[O-].[Na+],20.0,2.60205999132796
CCCCCCCCCCCCCC[N+](C)(C)[O-],27.0,2.43136376415899
CCCCCCCCCCCCOS(=O)(=O)[O-].[NH4+],25.0,3.78958071216443
CCCCCCCOCCOCCOCCOCCO,25.0,4.60205999132796
CCCCCCCCCCCCCCCCC(C(=O)OC)S(=O)(=O)[O-].[Na+],33.0,2.25527250510331
CCCCCCCCCCCC[N+](C)(C)CCCC(=O)[O-],25.0,3.66275783168157
CCCCCCCCC(CCO)O,25.0,3.35983548233989
CCCCCCCCCCCCCCNC(=O)COS(=O)(=O)[O-].[Na+],50.0,3.11394335230684
CCCCCCCCCCCCCCCOS(=O)(=O)[O-].[Na+],40.0,3.07918124604763
C(CCCNC(=O)OCCOCCC)(C(C(C(F)(F)F)(F)F)(F)F)(F)F,25.0,3.9912260756925
CCCCCCCCCCCC(=O)O[C@@]1([C@@H]([C@H]([C@@H]([C@H](O1)CO)O)O)O)[C@@]2([C@H]([C@@H]([C@H](O2)CO)O)O)CO,20.0,2.11394335230684
CCCCCCCCOCC(CO)O,25.0,3.76342799356294
CC(C)CCCC(C)CCO[C@H]1[C@@H]([C@H]([C@@H]([C@H](O1)CO)O)O)O,25.0,3.60205999132796
CCCCCCCCCCCCCCCC(=O)NC(C(=O)[O-])C(C)C.[Na+],25.0,3.27875360095283
CCCCCCCCCCCCCCCCC(C)OS(=O)(=O)[O-].[Na+],40.0,2.41497334797082
CCCCCCCCCCCCOCC[N+](C)(C)C.[Cl-],25.0,3.83250891270624
CCCCCCCCCC(=O)NC(C)C(=O)O,25.0,3.81424759573192
CCCCCCCO[C@H]1[C@@H]([C@H]([C@H]([C@H](O1)CO)O)O)O,25.0,4.24303804868629
CCCCCCCCCCCCC(=O)N(C)CC(O)C(O)C(O)C(O)CO,25.0,1.93951925261862
C(CSCCOCCOCCOCCO)C(C(C(C(C(C(F)(F)F)(F)F)(F)F)(F)F)(F)F)(F)F,25.0,3.44715803134222
CCCCCCCCCCCCCC(C)COS(=O)(=O)[O-].[Na+],40.0,2.90308998699194
CCCCCCCCCCCCOCCOS(=O)(=O)[O-].[NH4+],25.0,3.55630250076729
CCCCC(CC)COC(=O)CC(C(=O)OCC(CC)CCCC)S(=O)(=O)[O-].[Na+],25.0,3.39794000867204
CCCCCCCCCCCCOCCOCC[N+](C)(C)C.[Cl-],25.0,3.72427586960079
CCCCCCCCCC(=O)NCC(=O)[O-].[Na+],40.0,4.57978359661681
CCCCCCCCCCCCOC(=O)CC(O)C[N+](C)(C)C.[Br-],25.0,3.47421626407626
CCCCCCCCCCCCOCC[N+]1=CC=CC=C1.[Cl-],25.0,3.76342799356294
CCCCCCCCCCCCCCC(CCC)OS(=O)(=O)[O-].[Na+],40.0,2.65321251377534
CCCCC(CCCCCCCC)C1=CC=C(C=C1)S(=O)(=O)[O-].[Na+],30.0,2.88081359228079
CCCCC(CCC)COC(=O)CC(C(=O)OCC(CCC)CCCC)S(=O)(=O)[O-].[Na+],25.0,3.50242711998443
CCCCCCCCCCC(CCCCC)OS(=O)(=O)[O-].[Na+],40.0,3.37106786227174
CCCCCCCCCCCCCOCCOCCOCCOCCOCCO,25.0,1.69019608002851
CCCCCCCCCCCCOC(=O)C[N+](C)(C)C.[Br-],25.0,3.63848925695464
CCCCCCCCCCC=COS(=O)(=O)[O-].[Na+],25.0,4.20411998265593
CCCCCCCCCCCCOCCOCCOCCOCCOCCOCCOCCOCCOCCO,23.0,2.0
CCCCCCCCCC=CC(=O)OCC(COCC(COCC(COCC(COCC(COCC(CO)O)O)O)O)O)O,25.0,1.554
CCCCCC(=O)[O-].[K+],25.0,6.19033169817029
CCC(C)C(C)C(C)C(C)CCOCCOCCOCCOCCOCCOCCOCCOS(=O)(=O)[O-].[Na+],25.0,2.1430148002541
CCCCCCCCC(C(CCCCCCCC(=O)[O-])O)O.[Na+],60.0,3.8750612633917
CCCCCCCC/C=C\CCCCCCCC(=O)NCCOC[C@H]1[C@@H]([C@H]([C@@H]([C@H](O1)CO)O[C@@H]2[C@@H]([C@H]([C@@H]([C@H](O2)CO)O)O)O)O)O,25.0,1.95424250943933
CCCCCCCCCCCCCCOC(=O)C[N+](C)(C)C.[Br-],25.0,3.05690485133647
CCCCCCCCCCCC(=O)NC(CO)C(=O)O,25.0,3.20951501454263
CCCCCCCCCCCCOCCOCCOCCOCCOCCOCCOS(=O)(=O)[O-].[Na+],25.0,3.20411998265593
CCCCCCCCCCCCC[N+]1=CC=CC=C1.[Br-],25.0,3.72427586960079
CCCCCCCCCCCCCCCC(C)OS(=O)(=O)[O-].[Na+],40.0,2.69019608002851
CCCCCCCCCCCC[N+](C)(C)CCCCCCCC(=O)[O-],25.0,3.17609125905568
CCCCCCCO[C@@H]1[C@H]([C@H]([C@@H]([C@H](O1)CO)O)O)O,25.0,4.48572142648158
CCCCCCCCCCCC[N+](C)(C)CC1=CC=CC=C1.[Cl-],25.0,3.94448267215017
CCCCCCCCOCCO,25.0,3.69019608002851
CCCCCCCCCCCCCC(=O)O[C@@]1([C@@H]([C@H]([C@@H]([C@H](O1)CO)O)O)O)[C@@]2([C@H]([C@@H]([C@H](O2)CO)O)O)CO,20.0,1.41161970596323
CCCCCCCCCCOC(=O)CC(O)C[N+](C)(C)C.[Br-],25.0,4.10720996964787
CCCCCCCC(CCCCCCC)COS(=O)(=O)[O-].[Na+],40.0,3.47712125471966
CCCCCCCOCCOCCOCCO,25.0,4.30102999566398
CCCCCCCCCCCC(=O)N(CCCC)CC(=O)[O-].[Na+],25.0,3.35024801833416
CCCCCCCCCCCCCOCCOCCOCCOCCOCCOCCOCCOS(=O)(=O)[O-].[Na+],25.0,1.51851393987789
CCCCCCCCCCCCCC[N+](CC)(CC)CC.[Br-],25.0,3.49136169383427
CCCCCCCCCCCC(=O)N(C)CC(O)CO,25.0,2.36921585741014
CCCCCCCCCC[N+](C)(C)[O-],27.0,4.17609125905568
C(CCO)CO,22.0,5.76342799356294
[Li+].CCCCCCCCCCCCCCCCOS(=O)(=O)[O-],50.0,2.46239799789896
